-- Generation time: Sun, 22 Dec 2019 13:48:15 +0000
-- Host: mysql.hostinger.ro
-- DB name: u574849695_24
/*!40030 SET NAMES UTF8 */;
/*!40101 SET @OLD_CHARACTER_SET_CLIENT=@@CHARACTER_SET_CLIENT */;
/*!40101 SET @OLD_CHARACTER_SET_RESULTS=@@CHARACTER_SET_RESULTS */;
/*!40101 SET @OLD_COLLATION_CONNECTION=@@COLLATION_CONNECTION */;
/*!40103 SET @OLD_TIME_ZONE=@@TIME_ZONE */;
/*!40103 SET TIME_ZONE='+00:00' */;
/*!40014 SET @OLD_UNIQUE_CHECKS=@@UNIQUE_CHECKS, UNIQUE_CHECKS=0 */;
/*!40014 SET @OLD_FOREIGN_KEY_CHECKS=@@FOREIGN_KEY_CHECKS, FOREIGN_KEY_CHECKS=0 */;
/*!40101 SET @OLD_SQL_MODE=@@SQL_MODE, SQL_MODE='NO_AUTO_VALUE_ON_ZERO' */;
/*!40111 SET @OLD_SQL_NOTES=@@SQL_NOTES, SQL_NOTES=0 */;

DROP TABLE IF EXISTS `communities`;
CREATE TABLE `communities` (
  `id` bigint(20) unsigned NOT NULL AUTO_INCREMENT,
  `name` varchar(150) COLLATE utf8_unicode_ci DEFAULT NULL,
  PRIMARY KEY (`id`),
  KEY `communities_name_idx` (`name`)
) ENGINE=InnoDB AUTO_INCREMENT=101 DEFAULT CHARSET=utf8 COLLATE=utf8_unicode_ci;

INSERT INTO `communities` VALUES ('27','a'),
('32','alias'),
('65','alias'),
('15','aliquid'),
('62','animi'),
('54','aspernatur'),
('86','assumenda'),
('58','at'),
('9','atque'),
('46','atque'),
('20','aut'),
('22','aut'),
('66','aut'),
('2','consequatur'),
('6','consequatur'),
('77','consequatur'),
('98','consequatur'),
('59','corrupti'),
('100','cum'),
('95','cumque'),
('92','deleniti'),
('51','dignissimos'),
('31','dolor'),
('47','dolore'),
('7','doloremque'),
('94','doloremque'),
('33','doloribus'),
('11','dolorum'),
('82','ea'),
('88','ea'),
('48','earum'),
('39','eligendi'),
('19','error'),
('37','error'),
('44','est'),
('50','est'),
('5','et'),
('21','et'),
('71','et'),
('60','eum'),
('85','eveniet'),
('8','ex'),
('12','expedita'),
('84','fugit'),
('96','id'),
('91','illum'),
('55','incidunt'),
('36','itaque'),
('90','laboriosam'),
('63','laudantium'),
('41','libero'),
('49','magnam'),
('73','maiores'),
('99','maiores'),
('10','modi'),
('35','modi'),
('34','molestiae'),
('67','molestiae'),
('25','nam'),
('61','nam'),
('29','nesciunt'),
('79','nesciunt'),
('78','nisi'),
('76','non'),
('13','nostrum'),
('89','officia'),
('16','omnis'),
('30','omnis'),
('64','omnis'),
('57','perspiciatis'),
('52','provident'),
('93','provident'),
('45','quaerat'),
('23','qui'),
('56','qui'),
('42','quis'),
('87','quis'),
('75','quisquam'),
('81','repellat'),
('28','rerum'),
('17','sint'),
('40','sit'),
('3','tempore'),
('70','tempore'),
('97','ullam'),
('1','ut'),
('26','ut'),
('72','ut'),
('74','ut'),
('69','velit'),
('83','velit'),
('53','veniam'),
('43','veritatis'),
('68','veritatis'),
('80','veritatis'),
('24','vitae'),
('38','voluptas'),
('4','voluptate'),
('14','voluptatem'),
('18','voluptates'); 


DROP TABLE IF EXISTS `friend_requests`;
CREATE TABLE `friend_requests` (
  `initiator_user_id` bigint(20) unsigned NOT NULL,
  `target_user_id` bigint(20) unsigned NOT NULL,
  `status` enum('requested','approved','unfriended','declined') COLLATE utf8_unicode_ci DEFAULT NULL,
  `requested_at` datetime DEFAULT current_timestamp(),
  `confirmed_at` datetime DEFAULT NULL,
  PRIMARY KEY (`initiator_user_id`,`target_user_id`),
  KEY `initiator_user_id` (`initiator_user_id`),
  KEY `target_user_id` (`target_user_id`),
  CONSTRAINT `friend_requests_ibfk_1` FOREIGN KEY (`initiator_user_id`) REFERENCES `users` (`id`),
  CONSTRAINT `friend_requests_ibfk_2` FOREIGN KEY (`target_user_id`) REFERENCES `users` (`id`)
) ENGINE=InnoDB DEFAULT CHARSET=utf8 COLLATE=utf8_unicode_ci;

INSERT INTO `friend_requests` VALUES ('1','29','approved','1986-01-28 21:36:19','2019-04-29 07:21:39'),
('2','83','unfriended','1979-11-11 20:42:32','1999-12-08 06:58:37'),
('3','6','requested','1997-10-14 05:48:16','1970-10-30 09:31:19'),
('4','51','declined','1987-04-17 10:05:20','2001-02-25 14:40:10'),
('5','77','declined','2008-04-22 16:56:57','2008-10-23 13:56:50'),
('6','86','unfriended','2010-06-04 09:22:00','1987-01-31 03:11:45'),
('7','79','unfriended','2019-02-02 14:18:27','1983-07-11 10:56:20'),
('8','10','declined','2007-06-12 06:03:58','1990-03-17 07:32:55'),
('9','75','declined','1995-06-07 19:54:33','1997-02-20 22:29:08'),
('10','23','requested','1973-02-19 23:16:27','2005-09-09 18:36:49'),
('11','28','unfriended','1983-03-31 06:18:43','1991-07-31 03:40:25'),
('12','13','approved','2005-09-27 16:16:33','1999-02-05 22:53:37'),
('13','31','requested','1977-05-07 05:33:07','2013-07-13 18:36:06'),
('14','51','approved','2019-12-15 01:57:31','1987-10-12 10:55:02'),
('15','26','approved','2003-09-10 07:16:41','1972-02-12 13:25:11'),
('16','93','unfriended','1977-05-04 13:45:45','1984-10-07 09:59:30'),
('17','38','approved','1985-03-31 11:36:19','2016-02-13 20:51:01'),
('18','7','approved','1990-11-18 10:35:32','1995-06-29 03:58:26'),
('19','49','requested','1987-08-24 07:03:32','1976-09-05 16:08:40'),
('20','24','declined','1978-02-06 13:56:28','1983-08-23 13:34:54'),
('21','61','unfriended','2003-10-10 05:34:07','1982-08-05 18:57:51'),
('22','93','approved','2002-03-30 05:54:58','2001-02-07 12:49:58'),
('23','71','declined','1977-05-10 16:10:08','1999-04-08 20:57:48'),
('24','46','approved','2015-03-02 07:27:58','1990-10-01 07:21:23'),
('25','18','declined','2011-06-22 12:17:15','2014-01-25 08:56:10'),
('26','11','requested','2019-08-23 06:38:19','2007-09-21 09:57:25'),
('27','65','requested','1989-11-20 12:04:20','1976-06-17 04:24:02'),
('28','18','requested','1987-04-07 07:32:11','2016-04-28 11:46:23'),
('29','45','declined','1978-10-06 15:15:12','1986-02-22 10:49:43'),
('30','21','declined','2006-09-08 19:55:32','2004-02-05 03:53:56'),
('31','45','unfriended','1996-09-07 18:32:13','1986-08-14 13:17:55'),
('32','90','declined','1990-10-06 11:49:30','2003-03-20 15:10:22'),
('33','64','requested','1982-12-10 03:56:19','1973-11-28 09:17:22'),
('34','21','unfriended','2008-08-07 03:55:47','2003-07-02 16:33:59'),
('35','67','declined','1989-03-05 02:43:44','1987-02-03 00:40:32'),
('36','42','declined','1982-08-17 04:11:32','2017-02-01 13:22:19'),
('37','39','approved','2001-02-12 03:20:21','2004-07-03 20:08:33'),
('38','94','requested','1986-07-04 15:33:16','1994-09-18 11:15:49'),
('39','3','approved','2017-10-13 11:59:51','2000-09-30 18:47:08'),
('40','23','unfriended','1996-12-26 22:31:18','2001-01-19 09:59:50'),
('41','38','unfriended','1993-02-27 11:54:03','1991-09-28 02:55:50'),
('42','56','approved','1986-02-23 06:57:34','2007-09-13 09:04:03'),
('43','64','unfriended','2010-05-11 10:58:48','1999-09-28 20:15:07'),
('44','68','unfriended','2000-09-05 00:41:08','1979-08-15 07:25:09'),
('45','44','unfriended','1998-07-26 12:03:29','1986-09-27 16:16:56'),
('46','75','approved','2014-01-10 05:15:59','2007-04-08 13:29:52'),
('47','98','unfriended','1994-07-07 08:46:57','2018-03-04 18:02:44'),
('48','70','requested','2012-02-07 13:51:53','2009-04-17 09:23:44'),
('49','82','unfriended','1984-12-21 03:01:13','1997-09-26 08:51:30'),
('50','70','requested','2007-02-18 08:48:15','1971-09-13 15:35:43'),
('51','47','requested','2019-01-17 04:59:26','2018-05-18 14:15:03'),
('52','49','requested','2007-09-30 13:08:44','1980-07-22 14:03:02'),
('53','24','approved','2005-06-23 07:11:50','1996-02-22 16:51:49'),
('54','61','unfriended','1978-06-14 22:40:10','2017-08-20 12:52:55'),
('55','99','unfriended','2015-11-17 09:26:09','2017-07-27 17:55:57'),
('56','1','declined','1974-03-03 20:45:09','2014-09-09 20:38:53'),
('57','42','requested','2002-11-15 04:53:30','1983-09-13 16:39:53'),
('58','61','unfriended','1992-10-28 06:53:38','1996-01-30 12:09:19'),
('59','76','unfriended','1990-11-27 00:22:07','2005-04-07 08:39:00'),
('60','1','unfriended','2014-07-27 12:13:00','2013-10-22 19:03:25'),
('61','68','requested','1970-05-31 11:29:58','1993-09-25 16:14:34'),
('62','45','declined','1990-06-22 08:46:42','2014-01-23 09:15:49'),
('63','3','requested','1991-06-29 02:11:38','2018-03-23 14:54:05'),
('64','49','requested','2002-10-13 11:17:13','1979-01-04 17:31:10'),
('65','91','declined','1991-06-07 22:31:27','1972-12-19 07:05:03'),
('66','62','requested','1993-03-09 09:46:48','1990-04-26 01:01:02'),
('67','19','requested','1999-07-27 11:19:09','1970-12-17 14:55:45'),
('68','79','requested','1971-03-05 02:24:33','2003-05-19 02:49:58'),
('69','69','unfriended','1977-09-11 07:19:58','2011-03-08 19:25:32'),
('70','14','unfriended','1987-11-03 06:36:32','1998-02-24 01:40:57'),
('71','43','declined','1974-01-31 04:19:22','1981-12-17 16:18:15'),
('72','71','requested','2017-12-12 21:18:29','2007-11-10 05:55:09'),
('73','58','requested','1977-08-05 03:01:14','2008-07-29 11:29:39'),
('74','61','unfriended','2007-08-18 15:54:13','1983-03-27 04:38:13'),
('75','16','approved','1975-06-09 02:31:39','1992-01-12 02:40:57'),
('76','6','approved','1996-12-18 22:12:00','1997-12-21 14:29:15'),
('77','36','approved','2005-09-09 07:40:37','2006-10-23 01:45:47'),
('78','38','declined','1982-06-18 11:16:06','1983-08-08 01:37:17'),
('79','19','approved','1980-06-21 07:45:17','1979-04-10 00:47:42'),
('80','49','requested','1990-11-15 14:46:38','2013-07-23 00:45:58'),
('81','57','approved','2000-08-24 18:21:44','1996-10-21 19:01:35'),
('82','82','approved','1988-07-19 21:42:51','2014-01-02 09:51:08'),
('83','51','approved','2001-12-23 16:31:30','1995-12-15 06:29:07'),
('84','56','approved','2018-02-02 08:00:56','1995-07-02 09:44:23'),
('85','52','approved','1990-10-28 20:02:56','1972-04-16 15:06:02'),
('86','70','requested','1972-06-24 09:23:14','1985-11-30 16:57:08'),
('87','18','requested','1970-01-14 22:06:06','1990-04-04 16:59:45'),
('88','2','unfriended','1987-09-30 19:24:38','1974-12-27 09:10:13'),
('89','67','unfriended','2011-02-28 07:56:33','2009-04-08 03:49:02'),
('90','72','requested','2011-01-27 19:25:13','1982-07-20 01:16:02'),
('91','77','unfriended','1993-06-16 04:06:08','1980-03-26 10:35:57'),
('92','30','declined','2002-10-19 12:12:34','1998-03-07 03:25:15'),
('93','53','declined','1997-02-16 18:49:28','1984-10-16 16:07:28'),
('94','73','requested','1998-08-17 09:58:06','1986-03-19 20:32:05'),
('95','12','declined','1986-08-27 22:49:35','1993-06-07 14:38:03'),
('96','62','unfriended','1985-11-28 22:34:22','2000-02-02 20:06:36'),
('97','59','declined','1990-04-23 10:51:34','1987-04-10 08:04:54'),
('98','2','requested','1998-10-16 16:44:56','1993-08-18 17:31:44'),
('99','65','approved','1975-01-12 07:25:39','1997-04-10 12:13:14'),
('100','94','declined','1993-01-15 22:11:13','2019-02-25 04:56:25'); 


DROP TABLE IF EXISTS `likes`;
CREATE TABLE `likes` (
  `id` bigint(20) unsigned NOT NULL AUTO_INCREMENT,
  `user_id` bigint(20) unsigned NOT NULL,
  `media_id` bigint(20) unsigned NOT NULL,
  `created_at` datetime DEFAULT current_timestamp(),
  PRIMARY KEY (`id`)
) ENGINE=InnoDB AUTO_INCREMENT=101 DEFAULT CHARSET=utf8 COLLATE=utf8_unicode_ci;

INSERT INTO `likes` VALUES ('1','1','1','1991-04-16 10:29:18'),
('2','2','2','1998-02-06 14:16:31'),
('3','3','3','1978-08-18 20:33:06'),
('4','4','4','1999-09-03 18:25:07'),
('5','5','5','1994-09-17 00:21:17'),
('6','6','6','1975-10-04 00:49:05'),
('7','7','7','1991-10-09 02:19:51'),
('8','8','8','2004-07-03 06:54:45'),
('9','9','9','2019-08-31 17:38:24'),
('10','10','10','2015-02-01 11:34:59'),
('11','11','11','1982-04-08 09:10:57'),
('12','12','12','1991-09-26 05:19:54'),
('13','13','13','1974-07-18 03:57:51'),
('14','14','14','2013-02-17 17:40:54'),
('15','15','15','1998-03-02 14:15:57'),
('16','16','16','2009-10-19 02:13:53'),
('17','17','17','1985-06-10 22:57:04'),
('18','18','18','1996-10-16 13:21:40'),
('19','19','19','2004-09-06 00:33:21'),
('20','20','20','2019-11-22 06:43:19'),
('21','21','21','2006-06-04 06:39:54'),
('22','22','22','1984-04-03 20:53:33'),
('23','23','23','1989-07-19 01:43:37'),
('24','24','24','2013-08-29 07:21:45'),
('25','25','25','1985-07-13 05:22:25'),
('26','26','26','1991-03-22 12:43:54'),
('27','27','27','1978-02-13 20:57:38'),
('28','28','28','2011-04-10 23:28:15'),
('29','29','29','1981-10-10 22:52:36'),
('30','30','30','1979-06-17 10:12:58'),
('31','31','31','1978-04-21 08:07:50'),
('32','32','32','2007-03-03 17:57:00'),
('33','33','33','1972-07-26 17:54:09'),
('34','34','34','1993-06-05 12:19:18'),
('35','35','35','1972-03-12 11:37:07'),
('36','36','36','1976-08-13 05:44:43'),
('37','37','37','1987-02-13 06:56:25'),
('38','38','38','2005-07-15 11:19:39'),
('39','39','39','1970-07-15 12:11:21'),
('40','40','40','1991-12-31 18:50:02'),
('41','41','41','1993-10-21 02:09:32'),
('42','42','42','2010-01-13 15:38:03'),
('43','43','43','1988-09-03 02:32:55'),
('44','44','44','1976-02-08 06:12:13'),
('45','45','45','1998-10-21 15:54:55'),
('46','46','46','2015-05-31 07:37:59'),
('47','47','47','2000-07-14 16:35:09'),
('48','48','48','2011-06-27 02:09:43'),
('49','49','49','2018-01-24 23:34:16'),
('50','50','50','1998-06-03 12:08:36'),
('51','51','51','2000-11-14 16:55:44'),
('52','52','52','1977-10-15 10:15:35'),
('53','53','53','2010-07-26 13:01:59'),
('54','54','54','1970-09-26 02:18:11'),
('55','55','55','1991-06-11 21:31:53'),
('56','56','56','2015-05-15 01:13:22'),
('57','57','57','1999-10-23 13:02:14'),
('58','58','58','1970-01-21 21:31:57'),
('59','59','59','2011-11-26 19:49:20'),
('60','60','60','1999-05-10 05:38:54'),
('61','61','61','1992-01-20 01:12:57'),
('62','62','62','2018-06-18 22:21:47'),
('63','63','63','2004-02-15 05:03:06'),
('64','64','64','1995-03-07 18:26:14'),
('65','65','65','2014-10-28 02:56:15'),
('66','66','66','2015-12-26 10:20:24'),
('67','67','67','1997-04-16 19:50:18'),
('68','68','68','1973-05-14 05:36:39'),
('69','69','69','1998-09-23 06:10:45'),
('70','70','70','2016-03-09 19:09:56'),
('71','71','71','2013-02-13 00:15:51'),
('72','72','72','1975-10-01 17:56:58'),
('73','73','73','2007-07-07 05:55:14'),
('74','74','74','1980-04-28 03:17:19'),
('75','75','75','2012-07-31 11:12:18'),
('76','76','76','1973-10-05 16:08:24'),
('77','77','77','2012-09-25 05:16:36'),
('78','78','78','1996-12-11 23:31:46'),
('79','79','79','1972-09-16 04:01:40'),
('80','80','80','1999-09-12 14:57:42'),
('81','81','81','1980-11-20 18:28:49'),
('82','82','82','2018-01-10 04:21:49'),
('83','83','83','2000-11-17 05:51:44'),
('84','84','84','1982-03-31 11:14:43'),
('85','85','85','2010-07-30 14:14:21'),
('86','86','86','1977-10-09 17:22:13'),
('87','87','87','1978-07-07 11:07:11'),
('88','88','88','1997-02-03 22:25:23'),
('89','89','89','2016-01-28 06:14:09'),
('90','90','90','2019-09-27 14:52:15'),
('91','91','91','1989-03-11 21:44:48'),
('92','92','92','1977-08-27 00:20:53'),
('93','93','93','1990-10-31 12:08:45'),
('94','94','94','1987-10-03 19:17:21'),
('95','95','95','1978-01-14 02:59:59'),
('96','96','96','2010-05-16 00:09:13'),
('97','97','97','2007-07-11 06:23:24'),
('98','98','98','2013-05-10 13:41:12'),
('99','99','99','2003-04-17 06:52:20'),
('100','100','100','1981-04-14 00:10:09'); 


DROP TABLE IF EXISTS `media`;
CREATE TABLE `media` (
  `id` bigint(20) unsigned NOT NULL AUTO_INCREMENT,
  `media_type_id` bigint(20) unsigned NOT NULL,
  `user_id` bigint(20) unsigned NOT NULL,
  `body` text COLLATE utf8_unicode_ci DEFAULT NULL,
  `filename` varchar(255) COLLATE utf8_unicode_ci DEFAULT NULL,
  `size` int(11) DEFAULT NULL,
  `metadata` longtext CHARACTER SET utf8mb4 COLLATE utf8mb4_bin DEFAULT NULL,
  `created_at` datetime DEFAULT current_timestamp(),
  `updated_at` datetime DEFAULT current_timestamp() ON UPDATE current_timestamp(),
  PRIMARY KEY (`id`),
  KEY `user_id` (`user_id`),
  KEY `media_type_id` (`media_type_id`),
  CONSTRAINT `media_ibfk_1` FOREIGN KEY (`user_id`) REFERENCES `users` (`id`),
  CONSTRAINT `media_ibfk_2` FOREIGN KEY (`media_type_id`) REFERENCES `media_types` (`id`)
) ENGINE=InnoDB AUTO_INCREMENT=101 DEFAULT CHARSET=utf8 COLLATE=utf8_unicode_ci;

INSERT INTO `media` VALUES ('1','1','1','Voluptatem vel necessitatibus animi ut aliquid est in. Hic consectetur voluptates quasi repellat tenetur consequatur rerum ad.','excepturi','49',NULL,'1984-05-19 22:12:04','1972-08-02 08:17:20'),
('2','2','2','Quia dolor iste ducimus aut dolorem esse. Cum velit natus minima quo culpa quisquam aut numquam. Iusto accusantium praesentium doloremque placeat consequatur.','sed','1501025',NULL,'1986-11-26 07:40:11','2003-02-01 08:53:00'),
('3','3','3','Odit id occaecati mollitia dolores nisi esse. Dolores culpa rem fugit sequi aut voluptatum sed. Nostrum nemo rerum nihil aut quas corporis.','illo','773666437',NULL,'1977-09-05 06:05:52','1978-09-16 00:52:05'),
('4','4','4','Natus optio et beatae ab aspernatur repellat possimus. Adipisci nesciunt magnam facere sed. Rerum iste est quae excepturi qui aliquam. Suscipit laudantium odio id.','at','33',NULL,'1981-03-20 14:38:30','2002-02-13 17:12:56'),
('5','5','5','Minima fugiat sit odio iure facilis voluptatibus sit. Culpa aut non voluptate iusto totam. Accusantium ducimus delectus harum ad consequatur commodi.','rerum','5908',NULL,'1997-08-26 06:01:11','2013-12-27 05:18:13'),
('6','6','6','Minus odio dolor cum voluptatem suscipit harum. Minus aut ea inventore aut praesentium amet earum. Ipsum blanditiis asperiores sint corrupti eius assumenda error officia.','quia','1256',NULL,'2000-06-10 08:14:33','2018-01-12 11:37:09'),
('7','7','7','Quis magnam neque corporis eum at quo. Tempore reiciendis voluptatem iste aspernatur nobis iusto quibusdam. Consequuntur facere sequi voluptas ut maxime animi qui. Id dolores illo necessitatibus magni et esse.','et','6536',NULL,'1997-08-02 23:30:08','2014-01-27 03:23:34'),
('8','8','8','Voluptas fugiat asperiores earum blanditiis in impedit. Laborum fuga voluptatibus dolores eum necessitatibus quasi officiis. Magni laboriosam et sapiente sint tempore.','ratione','775',NULL,'1997-12-10 08:02:20','1991-09-24 13:35:04'),
('9','9','9','Dolores quod vero dolorem praesentium ut quasi in. Ut temporibus vero est et illum. Quos debitis est officiis quasi omnis ut. In voluptas nesciunt fugit ut. Nihil deleniti deserunt tenetur et alias.','eum','3970',NULL,'2009-08-28 05:43:21','2008-04-11 03:08:06'),
('10','10','10','Est qui tenetur minima. Officiis eaque voluptatum pariatur necessitatibus exercitationem sed inventore. Omnis iure non similique praesentium quo eveniet. Qui quos et assumenda quia.','consequatur','0',NULL,'1975-06-05 19:48:16','2018-08-06 04:38:31'),
('11','11','11','Quas eveniet est nulla voluptatum et ea enim. Reprehenderit quae fugiat eveniet aut voluptatem. Recusandae et nesciunt eveniet laborum aut. Id maxime non repudiandae aperiam id velit.','consequatur','2178',NULL,'1995-11-21 03:32:59','1979-11-06 14:48:18'),
('12','12','12','Numquam tenetur laudantium officia sequi beatae et commodi. Similique autem dicta doloribus aspernatur. Pariatur quod assumenda praesentium necessitatibus.','aut','97723',NULL,'1985-10-25 21:49:44','2009-11-27 03:30:17'),
('13','13','13','Hic id inventore illum in eum commodi incidunt. Vel voluptatem qui odit sint sint nihil et. Et error accusantium ex sint illum. Est fugiat excepturi soluta maiores.','est','125943259',NULL,'2005-05-16 07:17:51','1996-04-01 04:02:51'),
('14','14','14','Eum itaque consequatur voluptatibus atque. Atque est dolor quia dolorum molestiae. Et voluptatem tempora commodi et eum.','ullam','628',NULL,'1980-12-08 01:27:35','1997-08-11 02:49:55'),
('15','15','15','Esse quam veniam sint accusantium. Perspiciatis magni quo ducimus. Et aut aperiam quidem vel. Tempore ea eum et voluptatem.','blanditiis','982658492',NULL,'2015-11-06 06:49:19','2017-05-13 04:55:14'),
('16','16','16','Et qui aliquid eos deleniti. Voluptatem voluptas cumque voluptatem sapiente quos repellat voluptatem labore. Explicabo voluptatum voluptatibus id nam ut quisquam quis et. Enim voluptas et numquam officia.','cum','672638966',NULL,'1983-08-08 13:05:41','2004-10-17 07:19:16'),
('17','17','17','Adipisci a eius labore odio assumenda. Esse enim rerum est dolore ut eveniet. Sed non magnam impedit dolorem.','velit','21857935',NULL,'2019-02-09 21:16:40','1984-02-19 05:29:46'),
('18','18','18','Rerum eum maxime temporibus velit asperiores. Nostrum quasi cumque ad dolores vero fugiat id. Ab suscipit iusto excepturi veritatis ut. Veniam non cupiditate quo ea sit.','ut','71042',NULL,'2018-05-01 15:09:50','1984-06-23 12:39:16'),
('19','19','19','Odit omnis illum eum sunt delectus. Et facilis distinctio omnis ipsum suscipit laudantium voluptatibus. Suscipit veritatis aliquam voluptatem occaecati doloremque.','itaque','255',NULL,'1983-02-19 16:24:11','2009-05-31 19:03:58'),
('20','20','20','Sapiente deleniti totam non. Quidem hic saepe voluptatum reiciendis ut. Ex necessitatibus quis odio doloribus porro et nulla dignissimos. Omnis autem modi atque neque dolor.','ut','450656',NULL,'1978-11-17 05:22:31','1988-05-23 00:42:32'),
('21','21','21','Asperiores temporibus dolore debitis velit officiis. Officia molestias optio enim. Rerum enim error aliquam vero.','et','3577',NULL,'2012-10-29 06:03:37','2016-06-18 18:24:16'),
('22','22','22','Vel nemo aut ipsum. Exercitationem cupiditate dolores necessitatibus. Nulla rem quia veniam praesentium omnis quod.','et','6135',NULL,'1974-03-18 09:44:31','1986-04-22 06:37:49'),
('23','23','23','Illo ipsum et et suscipit recusandae quo. Sit magnam occaecati eum maxime at. Recusandae voluptatem id porro rerum et aliquid officia ad. Et incidunt vel molestiae sint maiores ex repellendus.','molestiae','71828',NULL,'2001-04-26 13:52:20','1984-06-07 21:02:12'),
('24','24','24','Maxime tempore fugiat aperiam quos doloremque eveniet placeat. Recusandae optio est sunt ullam atque impedit iste labore. Enim molestiae ea et vel est.','nihil','7765',NULL,'1992-09-23 22:43:35','1974-12-16 12:26:40'),
('25','25','25','Necessitatibus consequatur repellat quibusdam vitae. Suscipit architecto dolorem in cum possimus sed. Consectetur repudiandae incidunt necessitatibus adipisci harum itaque. Aperiam dolorum dolor enim ratione harum dignissimos et veritatis.','non','15',NULL,'1988-07-26 03:52:13','1987-07-04 13:18:46'),
('26','26','26','Eos quia fugit nostrum debitis officia eveniet. Aut assumenda dolores nihil dolorum adipisci. Est suscipit et laborum animi.','occaecati','620',NULL,'2015-11-12 12:26:12','1982-11-10 10:15:02'),
('27','27','27','Hic amet aut dolores maiores expedita. Sit qui vel doloremque officiis non ea officiis. Voluptatem quisquam et magnam aut laboriosam. Consequuntur laboriosam enim eum voluptas aperiam est aliquid.','officiis','1576106',NULL,'1997-07-21 10:42:29','1991-12-04 23:46:40'),
('28','28','28','Laboriosam alias ab nihil voluptas hic possimus ratione. Molestias ratione excepturi sint animi et possimus. Qui in vero sit non natus. Qui ipsam laudantium vel vitae et.','quisquam','5401',NULL,'2019-07-23 18:36:27','1974-12-04 20:06:15'),
('29','29','29','Ab error rerum ullam tenetur et. Aut porro sint esse ex provident voluptatem est.','sunt','0',NULL,'1999-07-02 19:06:57','2011-11-16 21:57:36'),
('30','30','30','Ipsum dicta architecto eos iste quisquam. Voluptas numquam voluptatibus blanditiis quae a. Sequi assumenda architecto similique et numquam enim. Atque fugit voluptatem molestias nostrum similique eos.','aut','620',NULL,'1971-10-15 11:21:20','1993-10-05 03:35:18'),
('31','31','31','Ullam quaerat qui ut unde assumenda corporis. Amet magni omnis doloremque harum. Voluptates quam numquam molestiae quia maxime aut. Laborum unde et voluptatum voluptatem repellat occaecati inventore corrupti.','consequatur','33',NULL,'2017-01-07 06:47:13','1989-12-04 20:07:28'),
('32','32','32','Rerum autem dolor ad necessitatibus corrupti occaecati eum quidem. Nam nostrum nisi quod quos. Molestias eius unde et rem veritatis odit alias.','quasi','0',NULL,'2010-02-02 17:13:09','1972-01-20 02:00:11'),
('33','33','33','Quaerat dolorum vel distinctio libero enim dolor. Nisi dignissimos suscipit commodi nam esse. Cupiditate mollitia minima cum ad facere. Optio commodi magni et porro dicta.','enim','1478457',NULL,'1971-09-17 22:54:52','1987-11-11 20:39:49'),
('34','34','34','Sunt sit cum dolorum est est quos. Voluptatem harum quia sapiente quibusdam incidunt. Eos ad quidem porro molestiae perferendis commodi.','et','3869',NULL,'1994-05-18 11:04:32','2015-03-25 20:44:30'),
('35','35','35','Eos saepe iure at perferendis. Accusantium non consequuntur similique. Adipisci reprehenderit non consequatur porro. Fuga libero et nesciunt amet incidunt rerum eum est.','maxime','463432211',NULL,'1995-09-26 15:59:31','1996-10-14 19:17:12'),
('36','36','36','Aut id quisquam et hic cumque. Deserunt quo nobis qui aperiam. Id quidem qui sint sed animi doloremque.','ipsam','1287179',NULL,'2007-01-14 09:54:55','2002-12-26 13:09:03'),
('37','37','37','Quod consectetur placeat in libero molestiae ullam ut. Ut non fuga dolores. Accusantium omnis non nihil nesciunt.','libero','77',NULL,'2002-08-18 22:29:41','2007-01-05 07:45:04'),
('38','38','38','Quasi molestiae ut perferendis in dolores voluptas aspernatur. Eveniet nostrum rem voluptatem dolorem laudantium et accusamus. Occaecati et vel repellat debitis.','sed','91179529',NULL,'2006-08-09 12:08:02','1978-07-13 05:52:44'),
('39','39','39','Veritatis consequuntur corporis rerum consequatur consequatur asperiores natus totam. Quia rerum iste placeat asperiores voluptas libero veniam. Sit nihil dolore qui rem molestias aut mollitia.','earum','65290299',NULL,'2008-03-27 17:22:58','1981-11-06 19:24:16'),
('40','40','40','Ipsum eveniet facilis dolorem rerum. Ab qui minima facilis in velit aut quidem et. Distinctio voluptas ipsam fugit odit laudantium.','incidunt','0',NULL,'1993-04-05 01:27:23','2016-04-11 14:48:29'),
('41','41','41','Ut dignissimos consequatur fugit. Laboriosam dolore ipsa enim quisquam. Nobis id qui aut laborum optio ex. Quis consequuntur natus consectetur.','minus','0',NULL,'1974-05-03 14:56:47','2016-02-07 01:44:59'),
('42','42','42','Et labore animi non ut sit illo deleniti. Esse consequatur quia dolores labore assumenda sunt consequatur.','non','904598',NULL,'1978-10-05 05:19:43','2007-01-17 13:58:38'),
('43','43','43','Sint id architecto sed consequatur. Voluptas neque enim a modi eum ut. Nihil saepe exercitationem quia perferendis.','alias','8223106',NULL,'2019-09-11 11:37:47','1985-01-05 15:30:22'),
('44','44','44','A molestias quasi doloribus ad. Aut placeat ipsum dolorem totam ut voluptatem eum adipisci. Enim explicabo veniam dolorem maiores eum incidunt voluptatem.','omnis','60132',NULL,'2010-07-24 03:22:16','1991-08-05 03:30:22'),
('45','45','45','Iure deserunt qui nulla id tempore quidem. Ullam quam exercitationem odit possimus eius assumenda iste.','sint','3716999',NULL,'2019-02-02 18:36:49','1986-06-11 08:20:43'),
('46','46','46','Fugiat et inventore illo quo voluptatem. Non ut et consequatur vitae odit accusamus. Unde eius dolore ipsum.','mollitia','158779',NULL,'1972-04-19 11:49:43','1986-03-20 11:01:39'),
('47','47','47','Voluptatibus nemo enim tempora ea consequatur modi. Fugiat saepe velit sit ipsam veritatis dolores aut qui. Sed facere debitis minima.','consequatur','75825560',NULL,'2013-11-07 05:01:18','1989-10-08 21:26:21'),
('48','48','48','Et voluptatibus natus itaque est voluptas numquam iure voluptatem. Alias nobis facilis sed voluptatem. Voluptatibus et debitis minus. Id alias asperiores culpa labore veniam.','et','9',NULL,'1984-11-26 03:45:33','2009-09-15 04:10:53'),
('49','49','49','Quia iste quia enim odit maxime nesciunt. Quam ipsum qui velit repellat et omnis maxime.','dolor','9548515',NULL,'2007-08-15 23:16:32','1983-06-22 19:22:23'),
('50','50','50','Enim officiis repellendus alias minima. Possimus nisi adipisci reiciendis error ullam fugit voluptas. Et alias maiores enim magni qui. Non molestias ex eligendi inventore. Sapiente excepturi optio ex vitae molestiae et voluptatem.','minus','100',NULL,'2014-06-30 20:21:26','2005-11-17 08:43:52'),
('51','51','51','Magni voluptatem dicta aut officiis. Qui sapiente deserunt amet molestiae dolorem qui ea iusto. Ut tempora omnis id non id et voluptatum.','repellendus','725',NULL,'2006-04-19 18:20:43','2000-03-15 21:19:32'),
('52','52','52','Est et nemo dolorem beatae qui. Quisquam tempora quo neque dicta libero libero. Nihil magni rerum voluptatem voluptatem quia sit.','accusamus','523814788',NULL,'2011-11-02 20:40:27','2010-11-08 06:42:08'),
('53','53','53','Ipsam sapiente doloremque sunt at aut. Dicta ut et cumque aliquam. Necessitatibus suscipit voluptas enim iste soluta et. Magni est ab nesciunt.','exercitationem','4739406',NULL,'1992-07-23 16:25:15','1995-06-17 19:59:22'),
('54','54','54','Aut et cupiditate accusamus dignissimos ad dolores consectetur. Harum vero praesentium enim molestias eveniet veniam consequatur. Expedita quas praesentium sit ea autem error.','voluptatem','5459397',NULL,'2010-02-28 22:06:13','2012-12-14 08:16:07'),
('55','55','55','Labore quaerat eum dicta et quisquam alias quia. Assumenda velit sapiente nisi autem molestias non. Placeat molestias autem aut aut distinctio. Expedita iste facilis qui nam. Qui quibusdam maxime id temporibus.','id','1',NULL,'1999-02-06 17:39:24','1986-05-12 00:13:52'),
('56','56','56','Mollitia fuga sed qui totam. Voluptatem dolorem omnis placeat dolor odio. Voluptatem quo provident voluptatibus rerum. Magnam eum eligendi distinctio quia.','modi','5',NULL,'2008-03-21 12:38:12','2018-10-15 02:10:48'),
('57','57','57','Ratione temporibus iste optio dolorem autem ut. Delectus corporis distinctio perspiciatis aperiam omnis. Error tempore at ab ut quo. Et nam ad corrupti aut qui veritatis natus qui.','rem','0',NULL,'2003-04-17 23:23:36','2017-10-08 18:32:41'),
('58','58','58','Assumenda pariatur beatae velit qui quaerat aspernatur et. Rerum cumque excepturi aut natus eos adipisci. Temporibus enim id nam sunt.','voluptas','7432164',NULL,'1986-05-06 00:30:31','1975-02-17 05:18:39'),
('59','59','59','Soluta tempore ab velit aliquam soluta voluptas. Aut excepturi sed odit dolorum voluptas cupiditate tenetur. Qui dicta iusto rerum quas quia fuga est. Et consectetur excepturi totam possimus delectus rerum.','similique','413608',NULL,'2000-01-17 15:24:03','1984-05-20 13:34:27'),
('60','60','60','Voluptatum qui dolor soluta quo non ut fugiat. Ab rem velit nam. Et et ab et distinctio totam sed.','et','300',NULL,'1994-03-30 17:24:48','1993-09-02 11:42:04'),
('61','61','61','Tempora fugiat tempora animi laboriosam. Perferendis ipsum consectetur non est. Quas placeat consectetur quis ipsum ratione. Quibusdam ad hic fugiat.','et','636817',NULL,'1984-07-11 07:40:02','1981-06-23 16:41:41'),
('62','62','62','Commodi voluptas repellat facilis illum sed. Ut in illum animi aut aut ea fuga quo.','voluptate','4720',NULL,'2010-12-02 02:41:51','1987-02-13 23:55:42'),
('63','63','63','Earum quibusdam blanditiis explicabo mollitia impedit. Asperiores veniam impedit magnam. Et aspernatur et ipsa aut.','nihil','2',NULL,'1998-11-28 03:32:21','1991-08-18 09:32:10'),
('64','64','64','Libero aut vel nobis autem id soluta est. Et inventore ipsa consequatur possimus eum. Et cumque accusamus omnis dolorem explicabo velit.','et','539',NULL,'1978-09-14 21:07:36','1990-06-17 17:14:30'),
('65','65','65','Voluptatem repellat dicta odio quia optio harum. Maxime voluptatibus asperiores molestiae. Vel et repellendus occaecati et consectetur nemo. Earum possimus et reprehenderit nihil. Illum at enim quia saepe.','quasi','1283491',NULL,'1987-07-15 19:36:04','2009-02-02 13:25:20'),
('66','66','66','Velit laudantium dignissimos maiores delectus aut. Placeat labore eum porro autem dolores. Molestiae voluptas et numquam minus iusto.','ipsa','2481',NULL,'2000-05-15 13:08:17','1991-10-10 10:22:06'),
('67','67','67','Officia consectetur saepe culpa consectetur nam. Rerum dolor eaque impedit omnis ad eligendi. A qui maxime illo qui dolorem quam. Animi suscipit hic laudantium.','ipsa','291217050',NULL,'1975-08-07 05:31:52','1993-08-19 03:33:03'),
('68','68','68','Dicta optio quaerat maxime excepturi reprehenderit tempora nisi. In laborum quo laborum vero quaerat qui. Quae ad expedita est sunt sit veniam enim ut. Facilis libero qui voluptatibus sequi architecto.','iusto','49867340',NULL,'1997-12-03 21:07:29','1977-06-28 00:07:55'),
('69','69','69','Distinctio et porro iste itaque rerum vel quis. Nihil minima et et voluptatem. Eos saepe ab autem temporibus cupiditate voluptatem dolore. Nulla nostrum aut qui id qui.','quaerat','861694',NULL,'1988-03-04 05:05:57','1985-11-15 16:58:38'),
('70','70','70','Tenetur voluptas aliquid eius. Quibusdam est libero porro earum harum eum. Ut soluta sint laborum aliquam iste. Architecto veniam et ex perferendis necessitatibus error.','quis','110188',NULL,'1983-09-16 20:42:14','1975-06-23 02:39:52'),
('71','71','71','Est doloribus nisi quis et. Magni autem tempore sed in est ut officia ut. Placeat culpa perspiciatis ratione qui soluta doloribus nisi ipsum.','odit','828190963',NULL,'2010-07-01 15:37:23','1993-11-01 00:16:50'),
('72','72','72','Rerum consequatur doloribus quam. Voluptas quis alias odio nihil quia cumque. A et eos laboriosam. Voluptates rerum est nesciunt eos corrupti ad illum. Similique consequatur non tenetur cumque deleniti voluptate.','repellat','28358',NULL,'1982-08-26 14:31:04','2001-05-16 03:36:51'),
('73','73','73','Quia sed non neque numquam quasi sint iste quaerat. Est aliquam consectetur omnis incidunt incidunt sunt porro. Numquam libero animi ut optio occaecati eaque.','officiis','748',NULL,'2008-01-04 08:29:47','1997-12-01 16:24:52'),
('74','74','74','Recusandae esse sequi perferendis totam voluptates veritatis aut dolorem. Fugit ullam blanditiis culpa et et ratione qui. Consequuntur fuga quisquam sint quis vero deserunt. Aperiam eum quasi excepturi quos quisquam perferendis soluta.','est','485155736',NULL,'2011-11-21 16:46:31','1998-07-08 14:46:11'),
('75','75','75','Eos deserunt eum vitae quidem. Iusto molestiae ut at qui id ea. Perferendis vel voluptatem velit est voluptates deleniti. Alias cum neque aut rerum quia.','et','30',NULL,'2004-11-01 17:08:43','2008-05-14 16:14:10'),
('76','76','76','A delectus itaque corrupti ut sint in doloribus. Reiciendis quo ut veniam praesentium qui. Itaque dolores officia asperiores qui iusto fuga. Doloremque omnis amet non omnis omnis et in.','recusandae','0',NULL,'2009-01-22 20:45:27','2003-06-08 16:10:04'),
('77','77','77','Magnam molestias dolore autem. Reprehenderit nostrum placeat provident dolores placeat ex. Ullam dolore quas vel mollitia iure. Nam velit sunt eligendi dolor autem.','omnis','180',NULL,'2007-12-12 16:14:49','1979-11-10 10:50:45'),
('78','78','78','Vitae amet possimus incidunt unde veniam perspiciatis. Expedita veniam error dolores tempora earum. Expedita dignissimos id voluptatem quis.','magnam','286873',NULL,'1991-08-16 19:45:03','2008-10-06 08:28:56'),
('79','79','79','Odio qui omnis harum suscipit. Tenetur possimus et placeat et ut dolor velit. Culpa tempore nemo maxime molestiae qui.','porro','2',NULL,'1974-07-25 01:51:11','2015-12-07 13:05:54'),
('80','80','80','Placeat voluptates aut consequatur sapiente impedit similique. Dolorem expedita consequatur repellat alias nihil porro. Sunt veniam id placeat quos autem iusto. Nihil sit ut qui.','qui','9',NULL,'1992-10-15 09:49:54','2013-01-22 18:53:30'),
('81','81','81','Eum libero provident possimus et ad. Mollitia consectetur et placeat assumenda. Eveniet dolor sit sequi nam earum accusantium. Natus deleniti accusantium iure nostrum facere quae id.','dolor','896895517',NULL,'2006-12-11 01:41:49','1996-08-08 11:20:08'),
('82','82','82','Eaque quo necessitatibus minus suscipit natus. Esse cum dolor voluptatem voluptatem blanditiis. Sed est assumenda ad dignissimos veritatis commodi rerum.','delectus','43',NULL,'1991-05-27 06:09:02','2019-12-13 07:33:33'),
('83','83','83','Unde iste facere quis et. Error quidem impedit neque soluta aut quisquam. Saepe ad omnis distinctio in et aut doloribus. Mollitia reprehenderit quisquam ut.','voluptatem','667136',NULL,'2013-06-28 15:01:21','1972-07-10 14:08:17'),
('84','84','84','Voluptates molestiae nihil fugiat. Numquam rerum ut minus voluptatem eveniet odio rem.','nisi','8734',NULL,'1977-03-02 19:34:09','1998-06-26 11:00:47'),
('85','85','85','Itaque impedit aliquam et omnis voluptatum necessitatibus aut dolores. Accusantium aut recusandae quo et dolor. Aliquid placeat inventore dolorum sint quis totam voluptas. Aperiam qui deserunt quia ut aut facilis quis.','molestias','90',NULL,'1977-11-13 04:48:56','1982-12-03 04:02:42'),
('86','86','86','Eum autem nisi quia autem minima dolorem. Ex dolores voluptatem hic. Qui minima ut et non iusto. Doloribus dolor reiciendis accusamus rerum nihil deserunt non optio.','aut','0',NULL,'1983-02-12 18:32:04','1989-05-10 09:54:25'),
('87','87','87','Aut excepturi quo saepe voluptate doloremque numquam nemo. Velit sed laborum rerum doloribus. Ab sequi ex non ipsum accusantium odit. Dignissimos delectus aspernatur excepturi aspernatur iste optio.','ad','67607',NULL,'1975-06-03 11:08:17','2015-07-27 05:01:01'),
('88','88','88','Tempora quaerat ullam non nulla ipsam laudantium. Consectetur nostrum ullam magnam. Voluptatem ut porro aliquam ut est exercitationem vel. Perferendis ipsam neque quod.','culpa','0',NULL,'2016-10-17 00:07:21','1975-11-09 20:56:14'),
('89','89','89','Fugit libero sunt illum aperiam. Ab quia odit beatae laborum odit. Esse autem et recusandae nisi non molestiae sed. Illo deleniti dicta laboriosam repellat autem.','nihil','745',NULL,'1991-12-19 06:29:42','2000-01-26 19:34:02'),
('90','90','90','Ut officia animi sunt ad excepturi. At laborum qui reiciendis repudiandae rerum rerum ut. Et nihil delectus esse officiis magni aut repellendus blanditiis. Doloribus necessitatibus et molestias similique facilis.','soluta','4',NULL,'1976-05-24 15:19:02','1997-08-10 17:22:28'),
('91','91','91','Porro odio sed eaque quia laborum voluptatibus et. Beatae minus labore voluptate eos eum accusantium. Aut quo tenetur rerum eligendi corrupti. Nostrum sed aperiam sunt placeat.','mollitia','60823',NULL,'1992-11-17 01:52:51','1988-05-04 19:05:29'),
('92','92','92','Velit sit sed nam et amet aut. Ullam dolorem numquam quia est. Eius ex quae ad officia ipsum. Esse quos possimus laboriosam sint repellendus. Consectetur impedit nisi aperiam voluptas quidem.','praesentium','0',NULL,'2004-05-29 13:17:57','2013-06-04 22:59:16'),
('93','93','93','Velit placeat ea neque tenetur numquam aut omnis. Et doloremque facilis quia odit. Et delectus molestias ut et ullam quis atque. Iusto ducimus dolorem quae assumenda tempore.','sed','1611',NULL,'1985-12-23 17:52:09','1994-08-07 04:59:47'),
('94','94','94','Non et nisi labore modi maiores vitae qui. Quo molestiae nihil quis nihil similique dolores. Reiciendis odio dolor nihil modi illo voluptatem. Repudiandae esse qui animi et id blanditiis sint.','quo','72801766',NULL,'1988-04-19 13:08:58','1985-10-23 04:22:29'),
('95','95','95','Nulla quod quis nobis ut voluptatem expedita tenetur. Mollitia soluta autem quos voluptate consequuntur cupiditate. Consectetur quo hic quam. Quidem voluptates consequuntur est quia magni aut non.','perspiciatis','3',NULL,'2004-04-01 13:12:44','2009-12-31 18:47:55'),
('96','96','96','Consequatur quidem recusandae debitis molestiae. Quod est quisquam velit veritatis optio impedit rerum. Occaecati ut ab eum ipsam eligendi. Doloribus beatae sequi rem praesentium.','enim','23404944',NULL,'2016-02-02 16:00:10','1976-06-19 22:24:00'),
('97','97','97','Eos sunt veniam enim id explicabo doloribus nemo rerum. Dolores itaque ut commodi necessitatibus facilis aspernatur. Nostrum excepturi nisi nostrum rerum consectetur delectus quo. Autem exercitationem et sint quidem sed consequatur veritatis.','quaerat','92923',NULL,'1988-02-01 12:55:56','2007-05-25 19:07:29'),
('98','98','98','Ipsam sit saepe quis libero eos id. Fuga eius consequatur et voluptatem pariatur veniam est. Consequuntur minima non assumenda consequatur aliquam. Voluptatibus sed labore et qui praesentium id totam. Sed consectetur iste quia quia.','nemo','975020',NULL,'2013-07-16 17:20:37','1975-12-06 06:39:16'),
('99','99','99','Doloribus ut veniam qui et molestiae et. Alias sequi non quisquam sed qui. Voluptatem error non qui alias eos consequuntur. Commodi excepturi praesentium et assumenda praesentium placeat sit dicta.','rerum','5',NULL,'1990-06-21 14:11:06','2013-04-06 13:01:12'),
('100','100','100','Nesciunt sit doloribus est qui. Quia at iure ipsa placeat. Nulla totam ut corporis saepe assumenda.','quos','40',NULL,'2015-10-23 09:04:02','2000-03-03 14:07:27'); 


DROP TABLE IF EXISTS `media_types`;
CREATE TABLE `media_types` (
  `id` bigint(20) unsigned NOT NULL AUTO_INCREMENT,
  `name` varchar(255) COLLATE utf8_unicode_ci DEFAULT NULL,
  `created_at` datetime DEFAULT current_timestamp(),
  `updated_at` datetime DEFAULT current_timestamp() ON UPDATE current_timestamp(),
  PRIMARY KEY (`id`)
) ENGINE=InnoDB AUTO_INCREMENT=101 DEFAULT CHARSET=utf8 COLLATE=utf8_unicode_ci;

INSERT INTO `media_types` VALUES ('1','nisi','1999-03-13 00:20:17','2015-04-23 22:27:16'),
('2','tenetur','1979-07-31 15:14:13','2005-09-05 20:33:27'),
('3','fugit','1983-04-21 12:54:28','2004-11-10 10:05:20'),
('4','sed','2006-01-09 21:30:47','2009-06-09 06:26:54'),
('5','est','1987-10-21 08:20:40','2011-02-10 14:01:48'),
('6','fuga','1995-07-20 02:46:57','1989-02-01 17:16:58'),
('7','et','1975-02-21 11:09:20','1979-08-24 20:06:04'),
('8','ut','2015-07-17 15:31:23','1979-11-12 13:51:21'),
('9','cupiditate','1980-02-29 12:57:02','2013-11-03 22:32:16'),
('10','eveniet','1980-06-10 11:19:21','1986-02-22 04:30:56'),
('11','eaque','1978-09-15 21:09:17','2007-10-29 23:31:50'),
('12','minima','1993-02-25 10:55:23','2016-11-21 19:50:35'),
('13','et','1984-12-18 04:11:20','2006-09-23 10:41:58'),
('14','dignissimos','1982-10-28 11:06:00','1978-09-20 15:56:54'),
('15','ipsa','1985-08-15 06:11:50','1993-08-28 20:27:07'),
('16','inventore','1985-12-10 20:11:56','1998-07-07 22:31:21'),
('17','est','1993-03-28 11:39:55','1976-05-02 19:30:19'),
('18','optio','1989-04-09 06:06:04','2010-01-23 03:55:01'),
('19','at','2009-10-30 20:03:56','2013-01-01 17:14:12'),
('20','et','2008-10-04 20:04:16','2009-09-28 23:22:03'),
('21','illo','1978-02-16 14:50:14','1992-08-12 12:51:15'),
('22','alias','2002-11-26 13:30:38','1982-07-08 12:14:15'),
('23','quo','1973-08-18 14:04:29','1980-08-15 14:33:13'),
('24','assumenda','2011-06-25 16:37:12','1980-07-14 15:54:03'),
('25','tenetur','1984-05-23 08:06:16','2017-09-05 03:28:31'),
('26','velit','2017-07-13 03:21:51','2015-08-14 14:59:01'),
('27','qui','1981-07-09 05:19:47','1996-12-03 09:48:23'),
('28','qui','2002-05-24 21:46:17','1994-09-06 12:24:39'),
('29','sapiente','2014-12-31 01:57:13','2003-09-24 09:31:11'),
('30','beatae','1999-05-23 12:25:57','2019-12-08 12:33:37'),
('31','et','1994-07-04 10:08:47','2006-06-11 06:58:42'),
('32','delectus','1994-10-03 22:17:59','1979-01-25 09:53:31'),
('33','ipsa','1974-01-02 14:07:42','2016-04-28 01:13:08'),
('34','et','1987-11-29 20:37:13','1973-05-23 21:43:53'),
('35','quia','1999-09-13 09:35:46','1981-09-13 09:50:31'),
('36','rerum','1986-04-22 10:08:18','2007-02-09 08:10:39'),
('37','molestias','1989-08-11 22:30:43','1975-01-28 10:28:01'),
('38','veniam','2000-02-03 11:17:32','2000-01-12 00:20:43'),
('39','sunt','1994-04-25 09:09:20','1988-08-05 00:11:23'),
('40','facilis','1971-01-08 09:38:54','2016-10-08 01:57:42'),
('41','quae','2007-10-07 10:18:49','2012-01-23 00:24:04'),
('42','qui','1974-06-04 08:04:36','1994-07-10 01:09:42'),
('43','aut','1980-10-21 03:37:14','1987-04-25 00:10:39'),
('44','harum','1980-01-17 12:41:25','2009-10-13 20:31:39'),
('45','quaerat','1993-07-27 23:41:21','2010-10-03 21:23:18'),
('46','nesciunt','1987-01-08 16:48:12','1987-11-11 16:37:58'),
('47','architecto','1970-01-26 15:12:46','1993-04-11 05:30:45'),
('48','ea','1974-02-21 21:46:02','2010-10-04 00:42:15'),
('49','quae','1970-10-17 23:18:36','1980-06-06 05:24:17'),
('50','aut','2016-12-02 05:42:50','1987-04-10 15:15:11'),
('51','in','2008-04-06 22:28:56','1976-11-10 21:47:21'),
('52','nesciunt','1988-12-23 02:24:10','2012-03-20 01:47:57'),
('53','quos','1984-08-07 23:56:11','1988-01-13 02:33:59'),
('54','eveniet','1985-05-09 00:00:29','2006-10-19 00:07:16'),
('55','totam','2019-07-04 04:49:22','1994-01-08 20:30:27'),
('56','quia','1998-02-15 23:41:08','2017-07-04 16:17:56'),
('57','voluptas','2005-03-07 19:50:44','2016-12-16 01:06:03'),
('58','ut','2008-09-26 18:52:25','2005-08-04 21:38:27'),
('59','eveniet','2008-12-05 15:30:28','1992-02-06 10:35:55'),
('60','sint','1974-06-14 02:39:18','1993-02-10 22:41:23'),
('61','recusandae','1995-08-24 11:13:01','1983-03-09 18:20:08'),
('62','est','2016-07-22 12:16:38','1971-09-18 01:54:17'),
('63','ut','1991-07-10 00:21:05','1976-05-29 23:00:23'),
('64','itaque','1977-07-11 17:53:18','2002-10-09 11:33:43'),
('65','omnis','1998-01-21 10:42:32','2005-12-18 08:25:17'),
('66','placeat','1981-02-24 06:01:23','1993-01-28 05:31:12'),
('67','quod','2012-08-04 16:33:10','1980-03-03 03:28:46'),
('68','qui','1985-03-18 19:57:33','1970-08-05 01:35:17'),
('69','aliquid','2016-11-13 23:49:41','1992-05-06 02:37:08'),
('70','at','2006-07-18 16:14:14','1975-05-24 03:53:32'),
('71','numquam','2015-07-22 11:51:41','1992-02-08 15:58:42'),
('72','placeat','1978-11-15 03:26:36','1974-12-27 16:09:18'),
('73','neque','2017-09-19 08:48:46','1982-07-31 14:30:48'),
('74','enim','1992-05-05 00:51:24','1985-03-14 17:47:59'),
('75','nihil','2017-07-30 10:06:21','2008-06-05 01:36:12'),
('76','nam','2010-05-28 16:42:05','1976-12-18 05:16:05'),
('77','voluptatibus','1993-06-23 20:51:15','2012-05-08 19:14:15'),
('78','et','1985-12-05 22:05:56','2007-06-23 08:20:55'),
('79','ullam','1980-12-29 17:37:51','2003-05-17 17:50:07'),
('80','accusantium','2009-07-18 10:50:54','2008-02-21 04:01:32'),
('81','quis','2014-08-03 09:45:14','2013-10-20 16:59:47'),
('82','et','1991-08-16 20:33:54','1971-08-30 03:14:01'),
('83','aperiam','2005-08-18 11:06:35','2016-07-13 13:05:19'),
('84','quisquam','2004-08-14 07:18:00','1995-11-24 16:40:26'),
('85','maiores','2014-10-18 05:14:00','1976-04-27 03:39:52'),
('86','eveniet','2011-05-30 10:39:16','2006-06-15 07:12:16'),
('87','voluptas','1990-01-15 13:46:56','1980-11-10 00:32:58'),
('88','quis','2000-11-11 23:41:13','2000-01-08 16:16:43'),
('89','sed','1998-01-15 21:44:12','1970-03-09 16:42:10'),
('90','iste','2016-11-29 12:11:51','1985-02-14 07:49:49'),
('91','est','2001-05-11 08:50:50','1974-02-09 02:04:58'),
('92','sunt','1981-06-14 18:47:48','1995-01-17 03:06:00'),
('93','qui','1988-05-07 19:39:54','1980-08-11 18:35:48'),
('94','optio','2002-09-20 21:32:28','2003-12-10 22:48:28'),
('95','animi','1977-03-15 01:41:17','2001-02-20 23:17:17'),
('96','id','1987-06-07 12:21:52','2016-04-30 03:04:12'),
('97','nihil','1978-06-13 05:34:12','1979-09-30 07:52:12'),
('98','tempore','2013-04-11 09:19:52','2008-10-11 00:22:35'),
('99','animi','1974-10-22 03:02:07','1979-05-25 00:03:41'),
('100','et','1997-03-10 17:38:15','1993-02-02 04:08:39'); 


DROP TABLE IF EXISTS `messages`;
CREATE TABLE `messages` (
  `id` bigint(20) unsigned NOT NULL AUTO_INCREMENT,
  `from_user_id` bigint(20) unsigned NOT NULL,
  `to_user_id` bigint(20) unsigned NOT NULL,
  `body` text COLLATE utf8_unicode_ci DEFAULT NULL,
  `created_at` datetime DEFAULT current_timestamp(),
  PRIMARY KEY (`id`),
  KEY `messages_from_user_id` (`from_user_id`),
  KEY `messages_to_user_id` (`to_user_id`),
  CONSTRAINT `messages_ibfk_1` FOREIGN KEY (`from_user_id`) REFERENCES `users` (`id`),
  CONSTRAINT `messages_ibfk_2` FOREIGN KEY (`to_user_id`) REFERENCES `users` (`id`)
) ENGINE=InnoDB AUTO_INCREMENT=101 DEFAULT CHARSET=utf8 COLLATE=utf8_unicode_ci;

INSERT INTO `messages` VALUES ('1','1','30','Officia voluptas sunt nesciunt sapiente. Ipsum rerum dolores aut iure quaerat cupiditate dolores deserunt. Excepturi expedita quidem harum laborum sapiente.','1994-07-30 08:52:54'),
('2','2','34','Facilis ad unde consequatur amet iusto voluptas. Inventore labore maxime non voluptas. Est cum aliquam incidunt voluptatem. Quaerat dolorum ut quia voluptas. Qui debitis non voluptas nihil possimus.','1998-10-20 10:22:13'),
('3','3','29','Animi tenetur omnis odio eum nisi sit. Consequuntur alias neque rerum. Qui atque et error voluptates voluptatem velit.','2019-06-13 15:17:16'),
('4','4','35','Illo quis corrupti debitis aspernatur totam. Maiores ullam architecto veniam rerum non aut qui. Sit est eius ut impedit nesciunt harum. Nobis iure corporis vero laudantium reiciendis.','1994-01-03 07:09:11'),
('5','5','78','Non libero velit quisquam dolor necessitatibus nihil tempore. Iure ipsum quaerat atque id veritatis nostrum. Qui repellendus magnam ad ut et et asperiores. Eum impedit dolor sed in et dolores.','2018-06-26 15:43:30'),
('6','6','68','Eius pariatur eius neque. Amet dolore iusto autem. Voluptatibus cum corporis autem autem quod deleniti qui ex. Qui ipsa explicabo voluptatem.','1972-04-01 07:21:48'),
('7','7','10','Commodi deleniti laborum ut est quos. Temporibus facilis facere soluta non sunt in ab. Itaque ducimus architecto quas necessitatibus ex cumque dolores suscipit.','2014-06-28 00:19:24'),
('8','8','89','Autem labore ipsa rerum aut maxime ad tenetur. Maxime harum quibusdam facere reprehenderit at. Consectetur recusandae qui alias praesentium quos voluptas. Consectetur eveniet adipisci possimus ut iure.','2018-10-24 20:39:20'),
('9','9','53','Incidunt quaerat nulla est dolores culpa exercitationem. Aspernatur illum debitis deleniti ut sed. Nisi ut debitis saepe enim earum ut numquam. Quisquam similique quia ullam voluptatem autem.','1982-12-30 21:33:39'),
('10','10','32','Doloremque consequatur mollitia magnam eum accusamus necessitatibus earum. Nisi facilis accusantium eos ipsa non vel dolore. Harum reprehenderit sed repellat hic ad. Consequatur voluptas laboriosam rerum aliquam.','2004-07-30 20:39:51'),
('11','11','61','Rerum tempora porro nostrum perferendis. Minima laudantium aut commodi voluptatum quo ipsa tempora. Ut fugit laudantium dicta ut qui dignissimos.','2018-11-21 06:07:23'),
('12','12','5','Vel quae non rerum minima. Doloremque qui odit voluptatem et est. Aut placeat dolorem cum et. Deserunt adipisci et ea ut aut consequatur necessitatibus saepe. Qui et aut est repudiandae sit tempore.','1973-01-12 12:54:03'),
('13','13','43','Impedit omnis velit distinctio dicta quia rem illum. Vero quisquam quae illo aut delectus. Sit numquam et quae inventore officiis sed. Illo dolorem dolorem cumque.','1976-01-14 23:12:31'),
('14','14','29','Facere totam sit ad exercitationem perferendis qui. Est et qui saepe magnam tempora. Itaque sint incidunt nostrum ut. Voluptatem fugiat sed non. Quia nulla cumque sapiente excepturi odio cum neque.','1995-06-16 21:53:02'),
('15','15','37','Adipisci ea dolorum nam dolore sint eligendi. Assumenda natus similique error. Numquam ut vel dolorem excepturi quo sit.','2012-01-06 13:48:16'),
('16','16','86','Voluptas nihil et sit quis. Optio odit ullam expedita facere ex. Eaque modi modi quod ipsa ipsam. Culpa ut voluptatem consequatur et recusandae facere aliquid. Perferendis voluptatem aliquam quidem neque ea alias voluptatem.','1999-03-01 03:15:45'),
('17','17','52','Nulla neque officiis facilis est quibusdam sed nisi. Modi quos corrupti impedit sunt aut. Numquam delectus ea et blanditiis quam.','2019-07-21 23:20:09'),
('18','18','55','Voluptatem eaque harum sit et cupiditate officia ad et. Expedita voluptatum blanditiis fuga eos aut. Et ipsum et dolor et dolores dignissimos maxime.','2006-02-10 13:41:03'),
('19','19','4','Veritatis est est sed ullam officiis libero. Recusandae molestiae natus mollitia tempore dolor ducimus. Quaerat consequatur quia sunt eum nemo commodi pariatur.','1994-11-24 13:01:31'),
('20','20','12','Nihil quis doloribus quo temporibus aut et rem. Saepe incidunt fugit et distinctio nisi impedit sit voluptatem. Nisi reprehenderit dolorem sint delectus nostrum.','2005-09-21 04:39:01'),
('21','21','20','Deserunt et eos quis. Et cumque alias velit eum enim commodi. Sit explicabo omnis amet perspiciatis est optio est.','2013-04-16 06:23:22'),
('22','22','45','Veritatis voluptate et et temporibus. Aspernatur fuga dolorum quo hic repellat. Nihil aut aliquam odio corrupti ex dolores non.','1986-10-08 19:00:18'),
('23','23','20','Fuga quas cumque itaque tempore eum. Qui et aut quis veniam eum assumenda dignissimos. Illum ducimus aut non ipsum.','1989-04-13 09:19:01'),
('24','24','27','Error sint ea voluptatem et quisquam eum sunt. Molestias ipsa ut eos quasi. Neque voluptas rerum laboriosam explicabo quod.','2012-01-11 01:27:04'),
('25','25','64','Aut vel hic molestias veritatis ipsum eaque. Sit libero quo consequuntur repellendus vel. Fugit quia ipsa voluptas nostrum ratione dolor consequatur veniam.','1990-07-20 09:31:33'),
('26','26','49','Molestiae omnis esse ea repellat totam. Recusandae laboriosam aliquam officia earum modi in et.','2011-12-24 23:39:02'),
('27','27','82','Rerum et repellendus eligendi est. Dolor quos numquam voluptas perferendis cumque nihil. Id error fugit magni eum.','1977-08-24 12:38:09'),
('28','28','24','Iusto aliquid dolores est expedita in voluptas autem. Est quia hic sit. Recusandae accusamus nihil aliquam tenetur assumenda unde. Ullam cumque aut nulla.','2010-12-12 15:52:50'),
('29','29','98','Dolorem dolores saepe atque sed vel. Et distinctio amet saepe nisi est quia autem. Deleniti fugiat iste ut non facilis rerum ea consequatur.','2002-10-02 00:08:57'),
('30','30','17','Rerum non in voluptatem quos ut possimus aliquid. Autem commodi eum odio nihil corporis. Consequuntur quo aut eaque exercitationem praesentium. Quis repellat et culpa veritatis sunt nesciunt.','2008-03-25 07:42:28'),
('31','31','22','Illo incidunt cum voluptas est cum. Voluptatem neque qui facilis et. Provident est officia nam quibusdam aut. Fuga illo commodi sint nihil quibusdam et.','2008-09-25 08:28:18'),
('32','32','70','Laborum corrupti molestiae sunt cumque ipsam quia harum. Dolorem rerum est facilis. Aut illum ipsum enim dolore eius et est sunt. Quia dolores error dolores qui consequatur voluptatem.','2012-08-10 00:25:44'),
('33','33','20','Beatae in est blanditiis quis. Aut provident ducimus corrupti quia quidem accusantium. Consequatur sunt exercitationem perferendis odit rerum nobis et. Aut recusandae mollitia est accusamus non ratione aliquid.','2009-11-23 23:44:47'),
('34','34','97','A non nam aliquam in ullam a et nobis. Ducimus quia optio et non.','2019-05-22 04:03:51'),
('35','35','8','Corrupti illo ea dolor quis dolor sed. Ab soluta ab labore ea modi. Sed enim est corrupti architecto aliquid inventore inventore dignissimos. Est facere adipisci dolorum facilis hic a enim ut.','1980-06-12 10:44:04'),
('36','36','17','Veritatis sit corporis eveniet doloribus nam autem asperiores dolores. Et quod quos perspiciatis. Qui ut corporis porro. Sed inventore cumque molestiae ipsam ipsam.','1971-02-13 04:30:10'),
('37','37','15','Corrupti nam perspiciatis nulla a. Reprehenderit velit quo voluptatum recusandae beatae. Sit maiores et neque qui nihil quo.','1991-01-04 19:17:41'),
('38','38','85','Sit repellat dolor officiis nihil aut quidem. Tempore veniam et nihil facilis deserunt ut quia. Aut voluptatem omnis velit voluptatum est molestias sapiente.','1978-11-24 06:21:06'),
('39','39','59','Quasi soluta alias quaerat distinctio voluptatem ut in commodi. Ducimus occaecati eius corrupti quis necessitatibus nam. Voluptate nobis dignissimos et ut consequatur. Sed sit est magnam fugiat voluptatibus ad.','1992-01-25 20:04:40'),
('40','40','18','Nihil iure fugit laboriosam quibusdam sit blanditiis similique. Debitis qui sequi esse qui.','1988-06-27 14:42:18'),
('41','41','48','Porro mollitia dolores beatae autem ullam est. Consequatur aut voluptatem nihil asperiores ut labore. Excepturi ea repellat explicabo eaque. Rerum accusantium iusto numquam.','1989-03-27 11:59:49'),
('42','42','60','Distinctio omnis est blanditiis aperiam qui dolores et. Et culpa et voluptatem saepe officia consectetur et. Et tempore sed sed quod.','1973-01-11 19:07:57'),
('43','43','56','Nemo facilis neque iure unde animi. Eum quia vel dolor sed harum quia. Qui consequatur aliquam quod similique fuga. Tempore sit voluptas nisi adipisci.','1970-12-09 07:21:47'),
('44','44','44','Ratione sit et modi id quia laudantium quia. Repellat reprehenderit numquam modi unde velit hic cumque ut. Possimus rerum hic officia nulla. Voluptatem unde architecto quisquam ut libero sit ullam.','2000-07-26 22:40:38'),
('45','45','73','Laboriosam quia quaerat qui aperiam magnam accusantium. Qui aut est ut et. Officia qui nihil eveniet iusto iusto adipisci.','1982-06-16 06:51:37'),
('46','46','81','Vitae sint quo aspernatur rem laudantium libero ipsum saepe. Consequatur recusandae reprehenderit sit qui et. Est maxime atque delectus sed quod facilis et.','1982-07-14 19:51:53'),
('47','47','8','Et natus unde repellendus impedit. Ratione nihil quasi quia maiores rerum quod est iure. Ab amet molestias nam fugiat tenetur debitis. Inventore dolore minima in accusamus aperiam iste voluptatibus.','1986-02-02 11:30:44'),
('48','48','95','Aut quas quibusdam magnam ut aut reprehenderit autem. Quos nihil mollitia consequuntur laboriosam accusantium dolore. Velit id molestiae quibusdam culpa qui.','1994-01-31 05:27:18'),
('49','49','93','Provident rem quis autem ab quis illum. Sed ut laborum dicta ea.','2014-06-12 19:46:31'),
('50','50','20','Aliquid voluptas et molestiae ea adipisci. Quidem minus non est facere vero eos occaecati. Nobis qui et aspernatur rerum eum magni. In et minus quo aut ad dolor similique.','2017-08-09 00:43:16'),
('51','51','44','Eum officiis quas cumque tenetur illo rem nobis. Aliquid modi consequatur magnam illo officia eum voluptates. Quia labore natus error eius. Rerum consequatur aspernatur sunt voluptatem dolorem.','1982-03-15 04:12:19'),
('52','52','86','Blanditiis in et perspiciatis neque ex. Delectus laborum quas beatae sed. Magnam porro ducimus est ut officiis maxime inventore. Nobis natus eum itaque et deserunt.','2008-03-05 06:16:34'),
('53','53','39','Aut illo quis quisquam hic minus dolor inventore. Voluptates est facere omnis officia. Dolor neque rem similique sit sint alias. Rem ea odio voluptatum consequuntur laboriosam neque.','1974-07-28 05:19:02'),
('54','54','14','Modi laboriosam aut reprehenderit atque commodi animi. A aut iure sit. Asperiores perferendis unde et et et dolorem.','1989-08-22 20:08:53'),
('55','55','53','Sunt et unde qui ipsum facere. Et qui veniam qui ducimus eos corrupti enim et. Ea aperiam sunt reiciendis voluptas rem.','2018-12-10 14:12:20'),
('56','56','89','Eum porro quis non et voluptate soluta voluptatum. Architecto sint et possimus voluptas autem corporis officiis.','2013-06-05 23:49:53'),
('57','57','62','Facilis laudantium sunt ut suscipit odit et. In minus doloremque non excepturi numquam et ducimus. Laboriosam qui totam pariatur nostrum excepturi ea eligendi.','1978-08-20 07:19:42'),
('58','58','65','Distinctio et aut excepturi aliquid ipsa autem. Placeat perspiciatis et velit aut totam aut delectus. Voluptatum non et animi sed occaecati.','1993-08-26 11:09:36'),
('59','59','67','Perspiciatis facilis aperiam quas. Necessitatibus et vitae id sed harum sed recusandae consequatur.','2013-12-17 22:57:23'),
('60','60','29','Ut delectus et architecto voluptas blanditiis sit. Doloremque voluptatem ut similique esse mollitia consequatur. Quas nihil ducimus assumenda qui sed illum. Enim blanditiis aut excepturi culpa.','2019-07-01 03:08:19'),
('61','61','77','Ut repellat eaque autem fuga et voluptatem adipisci. Voluptatum quis nisi at reiciendis et voluptatum. Voluptatum adipisci molestias saepe pariatur voluptatem quia vitae.','1978-03-09 14:12:52'),
('62','62','6','Corporis consequatur nihil laudantium qui. Et ad quisquam odit sed. Labore distinctio quis quis dolor consequuntur placeat voluptas. Non adipisci unde maiores eveniet quis omnis perferendis.','2009-04-08 12:04:25'),
('63','63','23','Nulla est minima repellat cum excepturi voluptate. Laboriosam et ea quas consequuntur et occaecati. Nostrum nobis vel nam eum officia vitae optio. Corrupti aut cupiditate voluptas et accusantium quos.','2016-06-02 20:20:44'),
('64','64','71','Sed fugit et culpa repellat animi. Quam eveniet consequuntur id. Accusantium optio et enim aut.','1973-06-29 02:06:52'),
('65','65','4','Dolorem itaque autem quaerat et fuga. Natus consequuntur est deserunt. Qui repudiandae alias ex nobis sed quia. Consequatur soluta culpa enim autem a.','2010-03-02 12:01:24'),
('66','66','86','Consequatur perspiciatis molestiae natus sit. Esse dolor incidunt praesentium sed est. Dolore qui ex eveniet. Aut consequatur et quo est.','1988-03-06 11:07:09'),
('67','67','88','Enim enim voluptatum quam omnis saepe consequatur. Corporis sed pariatur dignissimos assumenda nobis molestiae omnis. Tempore sunt non ut tempora. Porro quis enim est deserunt est non.','2007-02-12 22:18:51'),
('68','68','25','Qui labore rerum accusantium assumenda quia. Aut exercitationem perferendis quo pariatur modi. Quo qui ut nostrum aperiam voluptas.','1992-04-14 08:33:18'),
('69','69','21','Eos consequatur dolore non provident quos sint ipsum. Architecto eum aut earum et fugiat autem excepturi. Aut exercitationem maiores fuga quaerat. Aliquid non dicta mollitia quidem accusamus est. Voluptatem nihil enim enim aut facilis mollitia.','1979-12-15 19:14:02'),
('70','70','55','Reprehenderit veniam accusantium voluptas deserunt porro qui. Quis et vel a ex. Ea repudiandae et ad tenetur. Nam ut nihil aut maxime quisquam praesentium quia beatae.','1973-07-15 22:31:45'),
('71','71','78','Eaque voluptate reprehenderit reiciendis quibusdam aliquam aut non. Veniam ratione praesentium quia dolore quis. Libero natus blanditiis nam modi. Doloremque accusantium nemo quidem earum hic.','1986-12-02 07:03:29'),
('72','72','40','Aut tenetur voluptas vel unde quis. Consequatur consequatur aut error consequatur optio nemo. Consequuntur ad odit est minus cupiditate dolorem est.','1980-06-04 01:44:23'),
('73','73','82','Quisquam tempora cumque fugit. Natus ratione sapiente et provident qui delectus non. Dolore praesentium praesentium repellat dicta eum deserunt. Et voluptatum repellat consequatur fugiat.','1988-07-28 22:02:26'),
('74','74','75','Corporis alias quae ut omnis. Rerum minus qui et ex tenetur adipisci qui. Ullam excepturi pariatur vitae quas odit quis voluptas. Voluptatem et aut ullam sit suscipit est.','1985-03-11 18:41:06'),
('75','75','53','Molestiae deserunt ratione recusandae voluptatibus quibusdam dolore sunt. Ut mollitia enim itaque suscipit. Occaecati repudiandae beatae reprehenderit optio quos. Voluptatem suscipit aspernatur aut deleniti fugit.','2013-08-23 05:46:33'),
('76','76','61','Facilis eos autem et deleniti aut. Laboriosam id qui molestiae incidunt quasi quo placeat ut. Non consequatur et voluptatem quidem exercitationem laudantium.','1986-02-12 11:10:42'),
('77','77','96','At aut cumque labore iure eligendi. Sit distinctio molestiae recusandae voluptatem asperiores. Libero accusamus et neque enim. Quibusdam aut illo magni sit architecto porro. Molestiae reprehenderit id est voluptas rem quas id.','2011-11-14 10:06:21'),
('78','78','65','Eos vero quod perferendis esse id sit quia rerum. Et id tempora sit.','1985-04-06 01:44:15'),
('79','79','43','Cumque est vel unde rem itaque. Quaerat recusandae similique cumque quia nulla quia nobis.','1978-12-31 08:43:41'),
('80','80','31','Nam inventore et dolor temporibus. Asperiores consectetur velit esse iure ducimus.','2008-06-16 13:03:04'),
('81','81','52','Mollitia dignissimos voluptatibus laboriosam et qui beatae. Ipsum velit totam qui neque omnis. Aperiam eius corrupti quisquam quis. Eos natus et doloremque.','1993-11-10 10:27:17'),
('82','82','53','Vero dicta deserunt sint consectetur. Perferendis sed maxime non molestias voluptatem hic quae. Eos maxime natus et et culpa et dolores. Ut voluptas ut ea.','2018-11-02 20:56:58'),
('83','83','42','Ut in deserunt illum nesciunt commodi. Ratione mollitia illum sed similique. Ut omnis harum deserunt praesentium consectetur dolores et. Beatae magnam et fugit.','1973-12-23 07:19:44'),
('84','84','45','Nulla similique quas ea nostrum occaecati dignissimos architecto. Dolor sit eaque nulla non asperiores quasi reprehenderit. Earum cumque tempora non dolorem quia. Necessitatibus ullam doloremque eaque officiis qui sit rerum.','1992-03-14 23:37:41'),
('85','85','45','Commodi praesentium laboriosam delectus veniam nulla earum. Rem repellendus fugit non et dolor rerum amet. Unde odio qui sunt soluta.','2017-10-18 19:39:48'),
('86','86','48','Corrupti molestiae dignissimos nesciunt. Nesciunt aut quod numquam quam. Nobis cupiditate ducimus earum illo eaque. Magnam soluta rerum et qui labore et qui.','1977-08-25 20:25:49'),
('87','87','93','Repellendus natus quibusdam qui et. Et repudiandae voluptatum rerum illum distinctio molestias nam. Ut quia vel voluptatum voluptas rem. Sunt velit tempore unde voluptas et voluptatem.','2001-09-14 08:58:57'),
('88','88','68','At temporibus dignissimos corporis dignissimos. Esse aut aperiam fuga laudantium. Reiciendis dicta dolorem optio. Porro sunt rem enim saepe.','2004-05-06 08:21:37'),
('89','89','96','Soluta laboriosam sunt nisi id velit est. Laboriosam ducimus voluptatem perferendis possimus corporis aut.','2000-04-02 14:09:04'),
('90','90','78','Neque dicta recusandae et dolorem. Odio aut necessitatibus consequatur recusandae dicta tempora. Rerum aspernatur distinctio est quaerat aut amet saepe.','1999-10-17 01:44:18'),
('91','91','50','Alias aut asperiores modi maxime. Unde dolores qui praesentium saepe enim id. Nostrum vero fugit expedita.','2011-12-04 16:50:12'),
('92','92','15','Ad quia debitis excepturi enim consequuntur est itaque. Qui consequatur dolor unde sed est qui totam. Earum alias voluptas hic est.','1979-09-09 14:05:16'),
('93','93','84','Vel corrupti nam ex corrupti delectus cumque nobis. Minima eius ut omnis reprehenderit.','1995-02-13 20:17:16'),
('94','94','74','Dolores tempora veritatis dolor quidem ipsa sed minima iusto. Reiciendis odio neque non. Et dolorem velit esse magnam consequatur natus. Repellendus impedit perferendis tempore quis laudantium magni et.','1981-03-12 07:55:04'),
('95','95','18','Minima qui pariatur vel ut et et. Voluptas ea consequuntur aut reprehenderit. Enim voluptas quia ut illum architecto.','1997-03-02 14:18:21'),
('96','96','74','Placeat cumque facere ea quia ut omnis odio. Laborum est iste dolores atque. Aliquid quidem maxime nostrum quas. Ad vel necessitatibus excepturi facilis officia accusamus.','2015-10-19 13:10:23'),
('97','97','55','Autem eos voluptas consequatur rerum quam saepe. Mollitia quasi optio beatae voluptatem inventore. Possimus esse impedit esse commodi vel ipsam. Reiciendis quaerat id autem.','2012-06-07 10:53:49'),
('98','98','61','Recusandae facilis qui non rem et. Non corporis ut exercitationem aut minima asperiores nesciunt. Deserunt corrupti ea nihil rem. Aut rerum nam incidunt optio.','1999-02-04 11:47:00'),
('99','99','24','Molestiae a quo eum. Quia quod iste aut in. Tenetur alias mollitia voluptatum blanditiis modi id.','2011-09-12 07:14:39'),
('100','100','90','Dolorem sed hic necessitatibus itaque. Repudiandae labore quas est quidem. Maxime molestiae et ipsam vero quas nemo nihil quisquam. Rerum dolorem corporis sit quasi iusto.','1985-09-30 09:45:41'); 


DROP TABLE IF EXISTS `photo_albums`;
CREATE TABLE `photo_albums` (
  `id` bigint(20) unsigned NOT NULL AUTO_INCREMENT,
  `name` varchar(255) COLLATE utf8_unicode_ci DEFAULT NULL,
  `user_id` bigint(20) unsigned DEFAULT NULL,
  PRIMARY KEY (`id`),
  UNIQUE KEY `id` (`id`),
  KEY `user_id` (`user_id`),
  CONSTRAINT `photo_albums_ibfk_1` FOREIGN KEY (`user_id`) REFERENCES `users` (`id`)
) ENGINE=InnoDB AUTO_INCREMENT=101 DEFAULT CHARSET=utf8 COLLATE=utf8_unicode_ci;

INSERT INTO `photo_albums` VALUES ('1','quam','1'),
('2','et','2'),
('3','ut','3'),
('4','dolores','4'),
('5','modi','5'),
('6','cumque','6'),
('7','tenetur','7'),
('8','illo','8'),
('9','alias','9'),
('10','deserunt','10'),
('11','inventore','11'),
('12','dignissimos','12'),
('13','id','13'),
('14','amet','14'),
('15','ut','15'),
('16','tenetur','16'),
('17','id','17'),
('18','et','18'),
('19','veritatis','19'),
('20','omnis','20'),
('21','et','21'),
('22','illo','22'),
('23','quod','23'),
('24','assumenda','24'),
('25','ex','25'),
('26','velit','26'),
('27','velit','27'),
('28','facere','28'),
('29','cumque','29'),
('30','fugit','30'),
('31','laborum','31'),
('32','ut','32'),
('33','saepe','33'),
('34','sed','34'),
('35','tempore','35'),
('36','rem','36'),
('37','enim','37'),
('38','explicabo','38'),
('39','sequi','39'),
('40','voluptas','40'),
('41','est','41'),
('42','recusandae','42'),
('43','aliquam','43'),
('44','cupiditate','44'),
('45','veniam','45'),
('46','in','46'),
('47','consequatur','47'),
('48','voluptatum','48'),
('49','quis','49'),
('50','eligendi','50'),
('51','in','51'),
('52','tempore','52'),
('53','deleniti','53'),
('54','occaecati','54'),
('55','ratione','55'),
('56','reprehenderit','56'),
('57','ut','57'),
('58','consequatur','58'),
('59','quibusdam','59'),
('60','expedita','60'),
('61','ut','61'),
('62','laboriosam','62'),
('63','error','63'),
('64','nisi','64'),
('65','sit','65'),
('66','dicta','66'),
('67','enim','67'),
('68','ut','68'),
('69','rerum','69'),
('70','sed','70'),
('71','vitae','71'),
('72','dolores','72'),
('73','autem','73'),
('74','architecto','74'),
('75','qui','75'),
('76','quaerat','76'),
('77','nisi','77'),
('78','non','78'),
('79','repudiandae','79'),
('80','ut','80'),
('81','impedit','81'),
('82','impedit','82'),
('83','ullam','83'),
('84','natus','84'),
('85','ea','85'),
('86','repellendus','86'),
('87','voluptas','87'),
('88','est','88'),
('89','sit','89'),
('90','ut','90'),
('91','ab','91'),
('92','ea','92'),
('93','quia','93'),
('94','quo','94'),
('95','labore','95'),
('96','temporibus','96'),
('97','deserunt','97'),
('98','laboriosam','98'),
('99','quisquam','99'),
('100','vel','100'); 


DROP TABLE IF EXISTS `photos`;
CREATE TABLE `photos` (
  `id` bigint(20) unsigned NOT NULL AUTO_INCREMENT,
  `album_id` bigint(20) unsigned NOT NULL,
  `media_id` bigint(20) unsigned NOT NULL,
  PRIMARY KEY (`id`),
  KEY `album_id` (`album_id`),
  KEY `media_id` (`media_id`),
  CONSTRAINT `photos_ibfk_1` FOREIGN KEY (`album_id`) REFERENCES `photo_albums` (`id`),
  CONSTRAINT `photos_ibfk_2` FOREIGN KEY (`media_id`) REFERENCES `media` (`id`)
) ENGINE=InnoDB AUTO_INCREMENT=101 DEFAULT CHARSET=utf8 COLLATE=utf8_unicode_ci;

INSERT INTO `photos` VALUES ('1','1','1'),
('2','2','2'),
('3','3','3'),
('4','4','4'),
('5','5','5'),
('6','6','6'),
('7','7','7'),
('8','8','8'),
('9','9','9'),
('10','10','10'),
('11','11','11'),
('12','12','12'),
('13','13','13'),
('14','14','14'),
('15','15','15'),
('16','16','16'),
('17','17','17'),
('18','18','18'),
('19','19','19'),
('20','20','20'),
('21','21','21'),
('22','22','22'),
('23','23','23'),
('24','24','24'),
('25','25','25'),
('26','26','26'),
('27','27','27'),
('28','28','28'),
('29','29','29'),
('30','30','30'),
('31','31','31'),
('32','32','32'),
('33','33','33'),
('34','34','34'),
('35','35','35'),
('36','36','36'),
('37','37','37'),
('38','38','38'),
('39','39','39'),
('40','40','40'),
('41','41','41'),
('42','42','42'),
('43','43','43'),
('44','44','44'),
('45','45','45'),
('46','46','46'),
('47','47','47'),
('48','48','48'),
('49','49','49'),
('50','50','50'),
('51','51','51'),
('52','52','52'),
('53','53','53'),
('54','54','54'),
('55','55','55'),
('56','56','56'),
('57','57','57'),
('58','58','58'),
('59','59','59'),
('60','60','60'),
('61','61','61'),
('62','62','62'),
('63','63','63'),
('64','64','64'),
('65','65','65'),
('66','66','66'),
('67','67','67'),
('68','68','68'),
('69','69','69'),
('70','70','70'),
('71','71','71'),
('72','72','72'),
('73','73','73'),
('74','74','74'),
('75','75','75'),
('76','76','76'),
('77','77','77'),
('78','78','78'),
('79','79','79'),
('80','80','80'),
('81','81','81'),
('82','82','82'),
('83','83','83'),
('84','84','84'),
('85','85','85'),
('86','86','86'),
('87','87','87'),
('88','88','88'),
('89','89','89'),
('90','90','90'),
('91','91','91'),
('92','92','92'),
('93','93','93'),
('94','94','94'),
('95','95','95'),
('96','96','96'),
('97','97','97'),
('98','98','98'),
('99','99','99'),
('100','100','100'); 


DROP TABLE IF EXISTS `profiles`;
CREATE TABLE `profiles` (
  `user_id` bigint(20) unsigned NOT NULL AUTO_INCREMENT,
  `gender` char(1) COLLATE utf8_unicode_ci DEFAULT NULL,
  `birthday` date DEFAULT NULL,
  `photo_id` bigint(20) unsigned DEFAULT NULL,
  `created_at` datetime DEFAULT current_timestamp(),
  `hometown` varchar(100) COLLATE utf8_unicode_ci DEFAULT NULL,
  `is_active` tinyint(1) NOT NULL DEFAULT 0,
  PRIMARY KEY (`user_id`),
  CONSTRAINT `profiles_ibfk_1` FOREIGN KEY (`user_id`) REFERENCES `users` (`id`) ON UPDATE CASCADE
) ENGINE=InnoDB AUTO_INCREMENT=101 DEFAULT CHARSET=utf8 COLLATE=utf8_unicode_ci;

INSERT INTO `profiles` VALUES ('1','D','1992-12-06','1','2002-08-19 02:55:51','Spencerland','0'),
('2','D','1987-04-05','2','1987-07-03 05:39:03','New Eugene','1'),
('3','M','2017-01-28','3','2002-06-27 00:21:50','West Lacyport','1'),
('4','M','2018-10-07','4','2017-09-18 03:32:47','North Elnachester','1'),
('5','D','1997-08-11','5','2019-05-16 12:34:07','East Tamiashire','0'),
('6','D','1980-02-10','6','1995-06-17 10:12:54','East Eudorashire','0'),
('7','D','1974-10-11','7','1982-10-08 20:45:13','Delaneyview','0'),
('8','P','1984-08-08','8','1981-02-20 17:20:27','Vellaton','1'),
('9','M','2017-09-11','9','2018-03-29 02:14:52','Rodriguezland','0'),
('10','M','1970-10-24','10','1981-11-14 13:42:38','Port Robertton','1'),
('11','P','1978-07-01','11','1984-03-09 23:28:00','Hallieville','0'),
('12','P','1975-11-17','12','2006-06-09 13:42:42','Lake Marcus','0'),
('13','M','2015-08-04','13','2009-03-18 13:11:41','New Tierra','0'),
('14','M','2006-06-01','14','2002-04-17 09:50:57','Hintztown','0'),
('15','P','2001-05-15','15','1974-10-05 01:01:00','West Francisco','1'),
('16','D','1975-05-03','16','2006-09-10 13:59:25','South Charleyland','0'),
('17','D','2013-12-12','17','2002-11-29 21:24:07','East Carolyntown','0'),
('18','M','1971-05-16','18','2000-04-22 03:12:34','New Augustabury','1'),
('19','D','2000-11-13','19','2008-09-13 04:38:50','Rociostad','1'),
('20','D','1977-02-17','20','2013-10-08 00:28:09','Goodwinside','0'),
('21','M','2009-01-29','21','2006-10-22 11:56:30','Jordynfurt','0'),
('22','P','2017-01-26','22','1986-04-17 05:24:05','Wittingbury','0'),
('23','M','2015-08-02','23','1984-09-09 06:54:30','Amaraton','0'),
('24','D','1986-10-08','24','1980-11-18 06:36:55','Jessieland','1'),
('25','M','1987-01-31','25','2001-12-11 03:19:05','Port Aniya','1'),
('26','M','1979-10-01','26','2001-11-07 03:59:28','North Donny','0'),
('27','P','1988-10-19','27','2011-05-11 12:50:33','Prosaccoshire','1'),
('28','M','1979-07-15','28','2008-07-03 21:56:14','East Kyleighview','0'),
('29','D','2011-05-29','29','1986-09-28 01:42:05','Donnellyborough','1'),
('30','P','1997-09-08','30','2006-07-21 13:51:17','West Jo','0'),
('31','M','1989-11-15','31','1995-02-24 00:40:42','Bennybury','1'),
('32','M','2003-09-17','32','1997-02-01 11:56:12','Revaview','0'),
('33','P','2011-04-06','33','2017-09-06 03:20:30','South Antoniomouth','0'),
('34','M','1978-05-22','34','2010-12-06 15:25:03','Zakarymouth','1'),
('35','D','2018-04-20','35','1993-11-10 18:34:32','New Adelleville','1'),
('36','M','2018-01-24','36','1995-11-06 04:44:19','Kellytown','0'),
('37','P','1977-03-24','37','1974-08-14 16:58:10','South Alfordtown','1'),
('38','D','1984-11-25','38','2001-03-27 01:26:48','Fritschmouth','0'),
('39','D','1987-01-14','39','2008-08-19 21:58:47','East Chris','1'),
('40','D','1989-12-29','40','1980-12-24 08:20:12','Alaynaborough','1'),
('41','M','1995-08-14','41','2010-05-28 07:50:33','Shanelberg','0'),
('42','M','2001-06-26','42','2006-01-24 05:28:03','Juleston','1'),
('43','D','2011-02-06','43','1982-12-17 04:59:19','Lloydport','1'),
('44','M','2014-01-18','44','1987-04-15 22:37:21','Pedroland','0'),
('45','D','1971-06-08','45','1980-04-05 12:49:51','Fabiolaside','1'),
('46','M','1992-03-15','46','2004-05-31 18:28:00','Augustineton','0'),
('47','P','1971-07-28','47','1997-11-03 02:23:17','West Colton','0'),
('48','M','1978-02-20','48','2011-02-17 20:28:09','Port Weldonport','1'),
('49','D','2018-03-18','49','2011-04-09 09:31:28','South Hobartport','1'),
('50','P','1975-06-20','50','1989-05-27 04:49:17','South Daishaland','0'),
('51','M','1999-04-20','51','2017-09-15 22:26:12','Krajcikview','0'),
('52','D','1989-11-14','52','1992-10-29 02:29:09','Port Charles','1'),
('53','D','1971-02-24','53','1991-03-20 04:53:54','Luettgenmouth','1'),
('54','P','2011-04-12','54','2015-05-03 08:27:25','Lake Nova','1'),
('55','M','1989-10-08','55','2000-05-12 09:14:46','Hollisfurt','1'),
('56','P','2016-11-20','56','2019-02-25 12:36:03','Jaskolskimouth','1'),
('57','P','2003-07-11','57','2004-09-28 21:34:46','Adamsberg','1'),
('58','P','2009-04-22','58','2012-05-31 22:34:30','Deborahstad','0'),
('59','M','1985-01-04','59','2009-05-22 01:02:59','East Marietta','1'),
('60','D','1993-11-18','60','1986-11-03 13:52:06','Morissettefurt','1'),
('61','M','1996-07-14','61','1974-10-31 20:23:29','North Kara','1'),
('62','M','1973-02-24','62','2012-07-26 03:29:01','North Vilmaton','0'),
('63','D','2009-11-30','63','1980-06-27 22:22:55','Sawaynmouth','0'),
('64','M','2003-07-11','64','2018-07-17 10:06:26','Raoulfurt','1'),
('65','D','1993-02-18','65','2011-08-11 17:28:17','Ziemannfort','0'),
('66','M','2013-07-08','66','1987-05-17 07:15:31','Leschstad','0'),
('67','D','1979-02-22','67','2018-08-27 13:18:12','Effertzport','1'),
('68','D','1975-08-13','68','1972-06-29 03:34:14','Port Angelaport','1'),
('69','P','1970-02-27','69','1984-01-12 22:38:50','South Sabrinatown','1'),
('70','P','1987-05-05','70','2018-03-21 07:54:33','South Rose','1'),
('71','M','1992-09-23','71','1990-07-06 07:06:04','Sporerberg','1'),
('72','M','2012-05-03','72','1977-01-10 12:35:05','New Laynefurt','0'),
('73','M','1991-02-12','73','1991-05-06 09:54:00','Port Kennethton','0'),
('74','M','1979-12-14','74','1970-01-31 23:13:35','Easterside','0'),
('75','M','2001-07-08','75','1990-01-05 20:36:42','Marleybury','1'),
('76','M','1970-12-13','76','2014-07-04 02:03:36','Birdieshire','0'),
('77','P','2014-08-20','77','2014-09-22 06:41:35','Hickleview','1'),
('78','P','2017-06-27','78','1975-07-15 22:03:17','South Abdullahville','1'),
('79','D','2004-05-25','79','1971-01-21 23:08:21','Deckowberg','1'),
('80','D','1993-11-09','80','1991-02-08 09:05:35','Rudolphville','0'),
('81','P','2018-06-30','81','1980-01-26 08:38:15','Hamillstad','0'),
('82','M','1987-07-11','82','1972-04-21 03:09:09','Kyleighberg','0'),
('83','P','1994-11-29','83','2006-06-25 08:08:16','East Greg','1'),
('84','M','1993-07-02','84','1972-02-15 17:05:23','Port Cecelia','1'),
('85','M','1986-02-13','85','1976-07-31 03:44:27','Kassulkeside','0'),
('86','D','2016-08-01','86','2013-09-09 11:13:18','Floridamouth','1'),
('87','P','2010-02-15','87','2018-01-01 17:57:39','Wilfredberg','1'),
('88','M','2009-07-09','88','1971-11-27 12:29:27','Meggietown','1'),
('89','M','1991-03-30','89','1996-01-30 23:19:39','South Joshua','0'),
('90','M','1973-08-28','90','1982-11-27 13:00:23','Quitzonview','0'),
('91','M','1975-10-20','91','2009-01-25 18:54:03','East Lizashire','0'),
('92','M','1973-08-18','92','2015-03-31 07:30:21','Bartolettiville','0'),
('93','P','1984-12-28','93','2015-01-21 04:56:55','Kulasshire','0'),
('94','M','2011-03-30','94','2007-10-26 01:52:51','Davinshire','1'),
('95','P','1980-08-03','95','1970-01-07 17:18:45','West Vicentaville','0'),
('96','M','2001-06-20','96','1997-02-24 11:30:44','Elishaview','0'),
('97','M','1995-04-30','97','1974-02-12 21:15:12','Lake Fabian','1'),
('98','P','1991-11-30','98','2005-09-14 12:42:35','South Kaitlyn','0'),
('99','M','1984-02-28','99','1977-04-17 16:01:10','Connborough','0'),
('100','P','1979-02-12','100','2001-04-25 19:52:28','Loganberg','1'); 


DROP TABLE IF EXISTS `users`;
CREATE TABLE `users` (
  `id` bigint(20) unsigned NOT NULL AUTO_INCREMENT,
  `firstname` varchar(50) COLLATE utf8_unicode_ci DEFAULT NULL,
  `lastname` varchar(50) COLLATE utf8_unicode_ci DEFAULT NULL COMMENT '',
  `email` varchar(120) COLLATE utf8_unicode_ci DEFAULT NULL,
  `phone` bigint(20) DEFAULT NULL,
  PRIMARY KEY (`id`),
  UNIQUE KEY `email` (`email`),
  KEY `users_phone_idx` (`phone`),
  KEY `users_firstname_lastname_idx` (`firstname`,`lastname`)
) ENGINE=InnoDB AUTO_INCREMENT=101 DEFAULT CHARSET=utf8 COLLATE=utf8_unicode_ci;

INSERT INTO `users` VALUES ('1','Conrad','O\'Reilly','fisher.henry@mantevonrueden.com','1'),
('2','Hugh','Rippin','lkohler@muellermoore.com','577'),
('3','Maida','Toy','osborne.wilkinson@hotmail.com','1'),
('4','Shanna','Hahn','clara36@gmail.com','1'),
('5','Shawn','Murazik','koepp.newton@naderrempel.com','0'),
('6','Heidi','Buckridge','bernie32@bergstrombins.biz','1'),
('7','Rashawn','Daniel','harris.rosamond@hotmail.com','0'),
('8','Mohamed','Pouros','vsmitham@reynoldsparisian.com','1'),
('9','Silas','Lesch','hane.herta@hotmail.com','0'),
('10','Morris','Botsford','doyle80@kulas.net','1'),
('11','Noemi','Weber','missouri.lind@sporermoore.com','282919'),
('12','Timmothy','Kertzmann','johnpaul.witting@yahoo.com','888'),
('13','Jessyca','Bayer','ashly.barrows@hoeger.com','420'),
('14','Susanna','Mante','wosinski@hotmail.com','1'),
('15','Brandyn','Feeney','bschaefer@hoegermcdermott.info','1'),
('16','Nadia','Price','quigley.napoleon@yahoo.com','930'),
('17','Lesly','Ankunding','berniece.balistreri@tillmanhuel.net','1302067778'),
('18','Patsy','Shields','hessel.tara@hotmail.com','58'),
('19','Fidel','Monahan','vbeahan@huels.com','18'),
('20','Heather','Tillman','daniela08@kuhlman.net','396'),
('21','Deborah','Abshire','lynch.vincenza@hotmail.com','350771'),
('22','Carson','Erdman','una.heaney@hotmail.com','1'),
('23','Darrion','Gibson','ronaldo79@yahoo.com','198'),
('24','Alan','Turner','rwisozk@yahoo.com','343'),
('25','Delfina','Tromp','henri58@kuvalis.com','1'),
('26','Itzel','Muller','bryana.runolfsson@cassin.com','4594175461'),
('27','Jeremy','Becker','lkrajcik@yahoo.com','1'),
('28','Brock','Bradtke','ibogisich@luettgenkrajcik.com','1'),
('29','Ahmed','Hammes','elijah.ledner@borerfunk.com','1'),
('30','Adan','Wisoky','cassandra11@volkmancollins.com','0'),
('31','Conor','Lebsack','enrique41@osinskigreenholt.com','948'),
('32','Sibyl','Weimann','taryn.bins@wilderman.net','930'),
('33','Morgan','Simonis','xcrooks@yahoo.com','907638'),
('34','Maybelle','Schuppe','brekke.walter@hotmail.com','99276'),
('35','Verdie','Johnson','angelina38@yahoo.com','966830'),
('36','Monica','Tromp','pspinka@christiansen.com','439'),
('37','Jacynthe','Feeney','quentin11@baileybartell.org','716'),
('38','Jeanne','Dach','vlabadie@gmail.com','0'),
('39','Ayana','Morissette','rodrigo.will@gmail.com','3578432468'),
('40','Janet','Cormier','allene93@bayer.com','0'),
('41','Milo','Upton','gkirlin@hotmail.com','1'),
('42','Alessandro','Sanford','sydnee.wyman@gmail.com','988102'),
('43','Justen','Hyatt','zbalistreri@gerhold.biz','575581'),
('44','Alexandrine','Hagenes','nhills@yahoo.com','1'),
('45','Hayley','Kunde','kunze.lily@hotmail.com','1'),
('46','Conrad','Cormier','eichmann.marley@hotmail.com','1'),
('47','Lillian','Koch','kayden02@crist.biz','0'),
('48','Brain','Jones','xschmitt@schimmelpredovic.com','93150'),
('49','Emilie','Kub','labadie.cali@jaskolski.info','527170'),
('50','Kaci','Gislason','koss.jazmyn@gmail.com','1'),
('51','Gladys','McDermott','reichert.carlee@yahoo.com','4615251118'),
('52','Lonie','Cronin','vturcotte@thompson.com','1'),
('53','Efren','Langosh','jody35@kautzer.com','0'),
('54','Antwan','Hauck','vrogahn@hotmail.com','4974807585'),
('55','Hollie','Runolfsson','lenny.boyle@nikolaus.org','66249'),
('56','Martine','Mohr','lilyan.cartwright@gislason.org','885'),
('57','Brady','Kulas','gbayer@gmail.com','0'),
('58','Koby','Heidenreich','jeffrey.gerlach@schaden.info','469'),
('59','Dwight','Herman','kiehn.magnus@romagueranienow.com','1'),
('60','Harmony','Mayer','gregg.collier@gmail.com','0'),
('61','Clarissa','Cole','kamryn.murazik@gmail.com','283'),
('62','Ayana','Beatty','justina.torp@weimann.info','269827'),
('63','Elvie','Hoppe','gschulist@damore.org','27'),
('64','Talon','Mayer','keeling.heber@hotmail.com','637758'),
('65','Margaret','Mraz','jbahringer@hotmail.com','964297'),
('66','Kirstin','Hagenes','novella71@morar.biz','746096'),
('67','Janie','Little','tsmitham@kihnmann.com','1'),
('68','Lacy','Douglas','rod13@cummerata.org','0'),
('69','Karson','Bradtke','madonna.frami@anderson.biz','1'),
('70','Roger','Ritchie','chris.cronin@yahoo.com','0'),
('71','Johnathan','Klein','gmraz@gmail.com','402'),
('72','Bruce','Jones','xtrantow@gmail.com','15'),
('73','Aniya','Effertz','titus56@krajcikcruickshank.info','1'),
('74','Leann','Torp','qharris@hotmail.com','1'),
('75','Emerald','Von','tdaniel@yahoo.com','2731615700'),
('76','Kamille','Ritchie','gaylord.vida@bauchdare.com','10185'),
('77','Tobin','Muller','zparisian@hotmail.com','0'),
('78','Chadrick','Bergnaum','dasia.schulist@spencer.com','729679'),
('79','Carissa','Renner','pemmerich@schulist.org','3'),
('80','Danielle','Lynch','mabel.wuckert@gmail.com','1'),
('81','Katelyn','Willms','trevion.hettinger@yahoo.com','629'),
('82','Gunner','Keeling','cruickshank.elmira@parker.net','0'),
('83','Geovanny','Roob','guido57@hotmail.com','1'),
('84','Harrison','Keebler','iabshire@gmail.com','170254'),
('85','Thurman','Conroy','breana.deckow@hotmail.com','1'),
('86','Helga','Doyle','tate66@barton.com','1'),
('87','Krystel','Corkery','freida.rippin@gmail.com','55'),
('88','Nichole','Armstrong','arturo22@yahoo.com','454'),
('89','Arely','Hammes','faye34@littel.com','0'),
('90','Nichole','Reichel','cdonnelly@gmail.com','17'),
('91','Margot','Klocko','ystoltenberg@yahoo.com','0'),
('92','Rosanna','Armstrong','eparisian@yahoo.com','0'),
('93','Gerard','Haag','wjones@hotmail.com','986'),
('94','Edyth','Dietrich','frempel@stracke.net','342418877'),
('95','Ismael','Bashirian','rogers.gutkowski@wisokyrenner.com','85'),
('96','Melvina','O\'Reilly','mvandervort@botsford.org','115'),
('97','Coralie','Gutmann','sbeatty@grady.com','675264'),
('98','Maida','Lehner','gerda.thompson@gmail.com','1'),
('99','Jarred','Welch','nkihn@gmail.com','0'),
('100','Lambert','Boyer','jasper13@lebsack.net','214330'); 


DROP TABLE IF EXISTS `users_communities`;
CREATE TABLE `users_communities` (
  `user_id` bigint(20) unsigned NOT NULL,
  `community_id` bigint(20) unsigned NOT NULL,
  PRIMARY KEY (`user_id`,`community_id`),
  KEY `community_id` (`community_id`),
  CONSTRAINT `users_communities_ibfk_1` FOREIGN KEY (`user_id`) REFERENCES `users` (`id`),
  CONSTRAINT `users_communities_ibfk_2` FOREIGN KEY (`community_id`) REFERENCES `communities` (`id`)
) ENGINE=InnoDB DEFAULT CHARSET=utf8 COLLATE=utf8_unicode_ci;

INSERT INTO `users_communities` VALUES ('1','1'),
('2','2'),
('3','3'),
('4','4'),
('5','5'),
('6','6'),
('7','7'),
('8','8'),
('9','9'),
('10','10'),
('11','11'),
('12','12'),
('13','13'),
('14','14'),
('15','15'),
('16','16'),
('17','17'),
('18','18'),
('19','19'),
('20','20'),
('21','21'),
('22','22'),
('23','23'),
('24','24'),
('25','25'),
('26','26'),
('27','27'),
('28','28'),
('29','29'),
('30','30'),
('31','31'),
('32','32'),
('33','33'),
('34','34'),
('35','35'),
('36','36'),
('37','37'),
('38','38'),
('39','39'),
('40','40'),
('41','41'),
('42','42'),
('43','43'),
('44','44'),
('45','45'),
('46','46'),
('47','47'),
('48','48'),
('49','49'),
('50','50'),
('51','51'),
('52','52'),
('53','53'),
('54','54'),
('55','55'),
('56','56'),
('57','57'),
('58','58'),
('59','59'),
('60','60'),
('61','61'),
('62','62'),
('63','63'),
('64','64'),
('65','65'),
('66','66'),
('67','67'),
('68','68'),
('69','69'),
('70','70'),
('71','71'),
('72','72'),
('73','73'),
('74','74'),
('75','75'),
('76','76'),
('77','77'),
('78','78'),
('79','79'),
('80','80'),
('81','81'),
('82','82'),
('83','83'),
('84','84'),
('85','85'),
('86','86'),
('87','87'),
('88','88'),
('89','89'),
('90','90'),
('91','91'),
('92','92'),
('93','93'),
('94','94'),
('95','95'),
('96','96'),
('97','97'),
('98','98'),
('99','99'),
('100','100'); 




/*!40101 SET SQL_MODE=@OLD_SQL_MODE */;
/*!40014 SET FOREIGN_KEY_CHECKS=@OLD_FOREIGN_KEY_CHECKS */;
/*!40014 SET UNIQUE_CHECKS=@OLD_UNIQUE_CHECKS */;
/*!40101 SET CHARACTER_SET_CLIENT=@OLD_CHARACTER_SET_CLIENT */;
/*!40101 SET CHARACTER_SET_RESULTS=@OLD_CHARACTER_SET_RESULTS */;
/*!40101 SET COLLATION_CONNECTION=@OLD_COLLATION_CONNECTION */;
/*!40111 SET SQL_NOTES=@OLD_SQL_NOTES */;

